"Mastermind School, Dhaka",1,Bangladesh
"Science Tutorial Public School, Dhaka",1,Bangladesh
"Sunnydale School, Dhaka",1,Bangladesh
"Anna-Lindh-Schule, Berlin ",1,Germany
"Spohn Gymnasium, Ravensburg",1,Germany
"Bhartiya Vidya Bhavan, Kuwait",1,Kuwait
"Hampton Primary School, Quatre Bornes",1,Mauritius
"Hampton School, Mauritius",1,Mauritius
"Indian Al Seeb School, Muscat",1,Oman
"Falcon School, Quezon City",1,Philippines
"International Indian School, Jeddah",1,Saudi Arabia
"Dimensions International School, Singapore",1,Singapore
"Springdale Primary School, Singapore",1,Singapore
"Chadwick International School, Incheon",1,South Korea
"Vavuniya Rambhaikulam Girls Maha Vidyalayam, Vavuniya",1,Sri Lanka
"Ambassador School, Sharjah",1,United Arab Emirates
"Delhi Private School, Dubai",1,United Arab Emirates
"Delhi Private School, Sharjah",1,United Arab Emirates
"Gems Modern Academy, Dubai",1,United Arab Emirates
"Gems New Millenium, Dubai",1,United Arab Emirates
"Gems Ourown English Highschool, Dubai",1,United Arab Emirates
"Indian High School, Dubai",1,United Arab Emirates
"JSS International School, Dubai",1,United Arab Emirates
"JSS International School, Jumeira",1,United Arab Emirates
"Kings School Nad Al Sheba, Dubai",1,United Arab Emirates
"Our Own English High School, Sharjah",1,United Arab Emirates
"Our Own English School, Fujairah",1,United Arab Emirates
"Sharjah Indian School, Dubai",1,United Arab Emirates
"Springdales School, Dubai",1,United Arab Emirates
"The Indian High School, Dubai",1,United Arab Emirates
"The Millennium School, Dubai",1,United Arab Emirates
"Kokanee Elementary School, Woodinvill",1,United States
"Oak View Elementary, Franklin ",1,United States
"Woodridge Elementary School, Bellevue",1,United States
"La Martiniere Girls College, Azamgarh",, Azamgarh
"S M E M School, Balaghat",, Balaghat
"ZP High School, Bandarulanka",, Bandarulanka
"New St. Xavier High School, Chakai",, Chakai
"Rao Man Singh Sr Sec Public School, Delhi",, Delhi
"St. Xavier's School, Jaipur",, Jaipur
"Techno India Public School, Kolkata",, Kolkata
"Jeevana School, Madurai",, Madurai
"Mahathma CBSE School, Madurai",, Madurai
"St. Thomas Sr Sec School, Mandsaur",, Mandsaur
"St. John's High School, Mohali",, Mohali
"Ascend International School, Mumbai",, Mumbai
"St. John Universal School, Mumbai",, Mumbai
"St. Joseph Convent High School, Mumbai",, Mumbai
"Holy Angels Convent School, Muzaffarnagar",, Muzaffarnagar
"PSGVM School, Palgadh",, Palgadh
"S.N.D Public School, Palwal",, Palwal
"Dr. DY Patil International School, Patna",, Patna
"St. Anslem School, Phulera",, Phulera
"St. Peter's School, Purnea",, Purnea
"St. Joseph Convent Higher Secondary School, Sambalpur",, Sambalpur
"Nirmala Convent School, Siliguri",, Siliguri
"St. Mary's School, Tajpur",, Tajpur
"Smt. Sulochana Devi Singhania School, Thane",, Thane
"St. Paul Sr Sec School, Udaipur",, Udaipur
"ZMS Toddler's Academy, Warangal",, Warangal
"Ananda Marga Primary School, Agartala",,Agartala
"Auxilium Girls School, Agartala",,Agartala
"Don Bosco School, Agartala",,Agartala
"Holy Cross School, Agartala",,Agartala
"Pranavananda Vidyamandir, Agartala",,Agartala
"Ramakrishna Shishutirtha, Agartala",,Agartala
"Christ The King Inter College, Agra",,Agra
"S.K.L.G.D. Public School, Agra",,Agra
"St Anthony's Jr College, Agra",,Agra
"St. Peters College, Agra",,Agra
"St.C.F. Andrews School, Agra",,Agra
"St.Pauls Church College, Agra",,Agra
"Anand Niketan Sughad, Ahmedabad",,Ahmedabad
"Army Public School, Ahmedabad",,Ahmedabad
"Asia English Medium School, Ahmedabad",,Ahmedabad
"C N English Medium, Ahmedabad",,Ahmedabad
"Cosmos Castle International School, Ahmedabad",,Ahmedabad
"Divine Child International School, Ahmedabad",,Ahmedabad
"J G International School, Ahmedabad",,Ahmedabad
"Karnavati Eng School, Ahmedabad",,Ahmedabad
"Niraman High School, Ahmedabad",,Ahmedabad
"Rajasthan Hindi High School, Ahmedabad",,Ahmedabad
"Red Bricks Ahmedabad, Ahmedabad",,Ahmedabad
"S.H Kharavala A G School, Ahmedabad",,Ahmedabad
"Shari Jc Shah Prkash High School, Ahmedabad",,Ahmedabad
"Sheth C N English Medium High School, Ahmedabad",,Ahmedabad
"St Xavier's High School, Ahmedabad ",,Ahmedabad
"St. Mary's School, Ahmedabad",,Ahmedabad
"St. Paul Public School, Ahmedabad",,Ahmedabad
"The New Tulip International School, Ahmedabad",,Ahmedabad
"Zebar School For Children, Ahmedabad",,Ahmedabad
"Podar International School, Ahmednagar",,Ahmednagar
"Yashshree Academy, Ahmednagar",,Ahmednagar
"All Saints Sr. Sec. School, Ajmer",,Ajmer
"Rashtriya Military School, Ajmer",,Ajmer
"Sanskriti The School, Ajmer ",,Ajmer
"St Mary Sr.Sec.School, Ajmer",,Ajmer
"Jubilee English High School, Akola",,Akola
"Shree Jageshwar English Primary School, Akola",,Akola
"St.Ann's English Medium School, Akola",,Akola
"Harihar Pur Bhajraha, Alamnagar",,Alamnagar
"AMU City High School, Aligarh",,Aligarh
"Our Lady of Fatima High School, Aligarh",,Aligarh
"Wisdom Public School, Aligarh",,Aligarh
"Woodbine School, Aligarh",,Aligarh
"Kalakali Adarsha Shishu Vidyal, Alipurduar",,Alipurduar
"Indian Digital School, Allagadda",,Allagadda
"Bilim Innovation High School, Almaty",,Almaty
"Jyothi Nivas Public School, Aluva",,Aluva
"Chinar Please School, Alwar",,Alwar
"Step By Step Public School, Alwar",,Alwar
"Sri Chaitanya International School, Amalapuram",,Amalapuram
"Air Force School, Ambala ",,Ambala
"Conventof Jesus And Mary, Ambala ",,Ambala
"OPS Vidya Mandir, Ambala ",,Ambala
"S.A.Jain Senior Model School, Ambala City",,Ambala
"Rajshree Rananjay Sinh Global School, Amethi",,Amethi
"Manibai Gujarati English School, Amravati",,Amravati
"Podar International School, Amravati ",,Amravati
"School Of Scholars, Amravati",,Amravati
"Titans Public School, Amravati",,Amravati
"Y.E.S. English School, Amravati",,Amravati
"Vavadiya K. V. Vidhya Mandir Ansodar, Amreli ",,Amreli
"D.A.V International School, Amritsar",,Amritsar
"Excelsum High School, Amritsar",,Amritsar
"Pathseeker, Amritsar",,Amritsar
"Police Dav Public School, Amritsar",,Amritsar
"Spring Dale Senior School, Amritsar",,Amritsar
"St.Joseph School, Amritsar",,Amritsar
"Sri Krishna Em School, Anantapur",,Anantapur
"Saint Lawrence, Angul",,Angul
"Bal Bharti Public School, Anuppur",,Anuppur
"Asansol North Point School, Asansol",,Asansol
"Burnpur Riverside School, Asansol",,Asansol
"Dav Public School, Asansol",,Asansol
"Ramakrishna Mission High School, Asansol",,Asansol
"AECS, Aswapuram",,Aswapuram
"Atomic Energy Central School, Aswapuram",,Aswapuram
"Shanti Dham Sr. Sec. School, Atarra",,Atarra
"Cambridge School, Aurangabad",,Aurangabad
"Chatrapati Shahu Maharaj English School, Aurangabad",,Aurangabad
"Lord Budha Public School, Aurangabad",,Aurangabad
"Maharashtra Public School, Aurangabad",,Aurangabad
"Podar International Cbse School, Aurangabad",,Aurangabad
"Vatsalya Vihar Public School, Aurangabad",,Aurangabad
"Wockhardt Global School, Aurangabad",,Aurangabad
"Woodridge High School, Aurangabad",,Aurangabad
"Gd Memorial Yonkers English School Lalganj, Azamgarh",,Azamgarh
"St.Xavier's High School, Azamgarh",,Azamgarh
"Saraswati Vidhya Mandir, Bagaha",,Bagaha
"Indraprastha Public School, Baghpat",,Baghpat
"St.Thomas School, Bahadurgarh",,Bahadurgarh
"Buddha Public School, Bahraich",,Bahraich
"Pandit Sachhidanand Inter Coll, Bahraich ",,Bahraich
"Ideal Acadmey Waraseoni, Balaghat",,Balaghat
"Modern Public School, Balasore ",,Balasore
"Holy Cross School, Ballia",,Ballia
"Incredible Public School, Ballia",,Ballia
"Naga Ji Saraswati Vidya Mandir, Ballia",,Ballia
"Unique Convent School, Ballia",,Ballia
"Dunlop English Medium School, Bandel",,Bandel
"AECS Magnolia, Bangalore",,Bangalore
"Baldwin Boys High School, Bangalore",,Bangalore
"Bethany High School, Bangalore",,Bangalore
"BGS National Public School, Bangalore",,Bangalore
"Bishop Cotton Boys School, Bangalore",,Bangalore
"Bishop Cotton Girls School, Bangalore",,Bangalore
"Carmel High School, Bangalore",,Bangalore
"Christ Academy, Bangalore",,Bangalore
"Chrysalis High, Bangalore",,Bangalore
"Clarence Public School, Bangalore",,Bangalore
"CMRNPS School, Bangalore",,Bangalore
"Deens Academy, Bangalore",,Bangalore
"Delhi Public School, Bangalore",,Bangalore
"Euro School, Bangalore",,Bangalore
"Freedom International School, Bangalore",,Bangalore
"Geetanjali Olympiad School, Bangalore",,Bangalore
"Gnanabodhini High School, Bangalore",,Bangalore
"Greenwood High International, Bangalore",,Bangalore
"Greenwood Montessori School, Bangalore",,Bangalore
"Jyothy Kendriya Vidyalaya, Bangalore",,Bangalore
"Mitra Academy, Bangalore",,Bangalore
"National Centre For Excellence, Bangalore",,Bangalore
"Neev Academy, Bangalore",,Bangalore
"New Horizon Gurukul, Bangalore",,Bangalore
"NPS, Bangalore",,Bangalore
"Orchid The International School, Bangalore",,Bangalore
"Presidency School, Bangalore",,Bangalore
"Ryan International School, Bangalore",,Bangalore
"S. Cadambi Vidya Kendra, Bangalore",,Bangalore
"School Of India, Bangalore",,Bangalore
"Sparkling Mindz Global School, Bangalore",,Bangalore
"Sparrows Montessori School, Bangalore",,Bangalore
"Sri Chaitanya Techno School, Bangalore",,Bangalore
"Sri Kumarans Public School, Bangalore",,Bangalore
"St Xavier's School, Bangalore, Bangalore",,Bangalore
"St. Francis Icse, Bangalore",,Bangalore
"St.Marys Public School, Bangalore",,Bangalore
"St.Paul's English School, Bangalore",,Bangalore
"Swargarani School And P U Collage, Bangalore",,Bangalore
"Tattva School, Bangalore",,Bangalore
"TCIS, Bangalore",,Bangalore
"The Brigade School, Bangalore",,Bangalore
"The Cambridge International School, Bangalore",,Bangalore
"The Oxford English School, Bangalore",,Bangalore
"The Regency Public School, Bangalore",,Bangalore
"The Samhita Academy, Bangalore",,Bangalore
"Venkat International Public School, Bangalore ",,Bangalore
"Venus International School, Bangalore",,Bangalore
"Vidyanjali Academy For Learning, Bangalore",,Bangalore
"Whitefield Global School, Bangalore",,Bangalore
"Woodridge, Bangalore",,Bangalore
"Infant Jesus School, Bangarapet",,Bangarapet
"Bankura Zilla School, Bankura",,Bankura
"Shamayita Convent, Bankura ",,Bankura
"Sibdas Central Girls High School, Bankura",,Bankura
"Central Academy Senior Secondary School, Barabanki",,Barabanki
"Classic Public High School, Baramulla",,Baramulla
"Auxilium Convent School, Barasat",,Barasat
"Burdwan Town School, Bardhaman",,Bardhaman
"Galsi High School, Bardhaman",,Bardhaman
"Holy Child School, Bardhaman",,Bardhaman
"Monteswar Ramkrishna Sarada Siksha, Bardhaman",,Bardhaman
"Narayana School, Bardhaman",,Bardhaman
"St Xavier's School, Bardhaman",,Bardhaman
"St. Joseph's English Medium, Bardhaman",,Bardhaman
"Delhi Public School Bareilly, Bareilly",,Bareilly
"GRM School, Bareilly",,Bareilly
"Hartmann College, Bareilly",,Bareilly
"Sacred Heart Senior Secondary Public School, Bareilly",,Bareilly
"St. Francis Convent School, Bareilly",,Bareilly
"Paradise Kids Academy, Barmer",,Barmer
"Bholananda National Vidyalaya, Barrackpore",,Barrackpore
"Gems Cambridge School, Batala",,Batala
"Army Public School Bhatinda, Bhatinda",,Bathinda
"At.Xaviers High School, Bathinda",,Bathinda
"Gems Public School, Bathinda ",,Bathinda
"St Joseph Convent School, Bathinda",,Bathinda
"Kerala Public School Jatrawas, Bawal ",,Bawal
"G.S.S.S Bawani Khera, Bawani Khera",,Bawani Khera
"St. ANNS School, Beed",,Beed
"ARK International School, Begusarai",,Begusarai
"Blossom International Public School, Begusarai",,Begusarai
"St.Paul's School, Begusarai",,Begusarai
"Sunflower School, Begusarai",,Begusarai
"Don Bosco School, Berhampore",,Berhampore
"Merry Immaculate School, Berhampore",,Berhampore
"Assembly Of God Church School, Bettiah",,Bettiah
"Isma Public School Chanpatia, Bettiah",,Bettiah
"Sunbeam Blossom School, Bhabua",,Bhabua
"Shanti Niketan Public School, Bhadra",,Bhadra
"Sri Satya Sai Vidya Vihar, Bhadrak",,Bhadrak
"Shri Sai Convent School, Bhadravati",,Bhadravati
"New Horizon School, Bhagalpur",,Bhagalpur
"Shri Guru Harikishan Sr.Sec.School, Bharatpur ",,Bharatpur
"St Peter's Sr Sec School Bharatpur, Bharatpur",,Bharatpur
"JNV, Bharuch",,Bharuch
"Queen Of Angelsconvent H.S.School, Bharuch",,Bharuch
"Sri Satya Sai Vidya Mandir, Bhawanipatna",,Bhawanipatna
"Delhi Public School, Bhilai",,Bhilai
"Rungta Public School, Bhilai",,Bhilai
"Greenvalley Public School, Bhilwara",,Bhilwara
"Sanskar Valley Public School, Bhind",,Bhind
"B.S.V.Pilani, Bhiwani",,Bhiwani
"Lord Parshu Ram High School, Bhiwani ",,Bhiwani
"Jawahar Lal Neharu School, Bhopal",,Bhopal
"Buxi Jagabandhu English Medium School, Bhubaneswar",,Bhubaneswar
"Loyola School, Bhubaneswar",,Bhubaneswar
"Sai International School, Bhubaneswar",,Bhubaneswar
"St Joseph's Higher Secondary School, Bhubaneswar",,Bhubaneswar
"Stewart School, Bhubaneswar",,Bhubaneswar
"Vikash Residential School, Bhubaneswar",,Bhubaneswar
"Shri Shantadurgashantadurga High School, Bicholim",,Bicholim
"Gnyana Sudha Vidyalaya, Bidar",,Bidar
"Sri Aurobindo Institute Of Education, Bidhannagar",,Bidhannagar
"St Joseph Academy, Bihar sharif ",,Bihar sharif
"Jawahar Navodya Vidhalya, Bijnor",,Bijnor
"St. Marys School, Bijnor",,Bijnor
"Bikaner Boys School, Bikaner",,Bikaner
"Seth Tolaram Bafna Academy, Bikaner",,Bikaner
"Bal Bharati Public School, Bilaspur",,Bilaspur
"Brilliant Public School, Bilaspur",,Bilaspur
"Kendriya Vidyalaya, Bilaspur",,Bilaspur
"Krishna Public School, Bilaspur",,Bilaspur
"Minerva Sr Sec School, Bilaspur",,Bilaspur
"St.Xavier High School, Bilaspur",,Bilaspur
"Dav Borl Public School, Bina",,Bina
"St. Xavier's Public School, Binka",,Binka
"Carmel Convent School Bishrampur, Bishrampur",,Bishrampur
"Chinmaya Vidyalaya, Boisar",,Boisar
"Bokaro Public School, Bokaro ",,Bokaro Steel City
"Chinmaya Vidyalaya, Bokaro Steel City",,Bokaro Steel City
"St Paul's Modern School Bokaro Thermal, Bokaro Steel City",,Bokaro Steel City
"Delhi Public School, Bongaigon",,Bongaigaon
"Depaul School, Brahmapur",,Brahmapur
"SSVM Nknagar Ganjam, Brahmapur",,Brahmapur
"St.Vincent's Convent School, Brahmapur",,Brahmapur
"Tithonus International School, Budaun",,Budaun
"AECS Narora, Bulandshahr",,Bulandshahr
"Atomic Energy Central School, Narora, Bulandshahr",,Bulandshahr
"Delhi City School, Bulandshahr",,Bulandshahr
"Saint Momina School, Bulandshahr",,Bulandshahr
"Shree Shivaji Vidyamandir, Chakan",,Chakan
"Abhinav School Chalisgaon, Chalisgaon",,Chalisgaon
"St.Joseph Convent School, Chalisgaon",,Chalisgaon
"Bhavan Vidyalaya, Chandigarh",,Chandigarh
"Delhi Public School, Chandigarh",,Chandigarh
"Mount Carmel School, Chandigarh",,Chandigarh
"NBN Smart School, Chandigarh",,Chandigarh
"Sacred Heart Sr Sec School, Chandigarh",,Chandigarh
"Saint John High School, Chandigarh",,Chandigarh
"St Johns High School, Chandigarh",,Chandigarh
"St. Joseph Presidium School, Chandigarh",,Chandigarh
"St.Stephen's School, Chandigarh",,Chandigarh
"Bharat Vidyalaya Nawargaon, Chandrapur",,Chandrapur
"Children Delight School, Chapra",,Chapra
"Arya Sr. Sec. School, Charkhi Dadri",,Charkhi Dadri
"Carmel Convent School, Chatrapur",,Chatrapur
"Alwin Memorial Public School, Chennai",,Chennai
"Apex Pon Vidyashram, Chennai",,Chennai
"Arulmigu Meenakshi Amman Public, Chennai",,Chennai
"Besant Arundale Senior Seconda, Chennai",,Chennai
"Bhavans Rajajai Vidhyasharam, Chennai",,Chennai
"BVM Global School, Chennai",,Chennai
"Chennai Public School, Chennai",,Chennai
"Chettinad Harishree Vidhyalam, Chennai",,Chennai
"D.A.V. Public School, Chennai",,Chennai
"Dav Boys Senior Sec School, Chennai",,Chennai
"Ebenezer Marcus International School, Chennai",,Chennai
"Ebinezar Marcus Junior College, Chennai",,Chennai
"GKM Vidhyashram, Chennai",,Chennai
"Harishree Vidyalayam, Chennai",,Chennai
"Hindustan International School, Chennai",,Chennai
"Jawahar Vidyalaya Senior Secondary School, Chennai",,Chennai
"Lalaji Omega International School, Chennai",,Chennai
"Maharishi Vidya Mandir, Chennai",,Chennai
"Mahindra World School, Chennai",,Chennai
"Narayana Olympiad School, Chennai",,Chennai
"Our Lady's Mat.Hr.Sec.School, Chennai",,Chennai
"Primrose School, Chennai",,Chennai
"Ramana Vidyalaya, Chennai",,Chennai
"Ravindra Bharathi Global Schoo, Chennai",,Chennai
"SBOA School & Junior College, Chennai",,Chennai
"Sgerwood Hall Senior Secondary, Chennai",,Chennai
"Shree Niketan Patasala, Chennai",,Chennai
"Sri Chaitanya Techno School, Chennai",,Chennai
"Stockholm International School, Chennai",,Chennai
"The Hindu Senior Secondary School, Chennai",,Chennai
"The Pupil - Eco Saveethaschool, Chennai ",,Chennai
"The Schram Academy, Chennai",,Chennai
"Thevedanta Academy, Chennai",,Chennai
"VELS Vidyashram International Pallavaram, Chennai",,Chennai
"Vidya Mandir Senior Secondary School, Chennai",,Chennai
"Yakut Madhya Vidyalaya, Chewara",,Chewara
"Christian English College, Chhatarpur",,Chhatarpur
"Royal Kids Convent Chhuriya, Chhattisgarh",,Chhattisgarh
"The Chikhali Urban Vidyaniketan, Chikhali",,Chikhali
"St Frances Of Assisi School Chikodi, Chikodi",,Chikodi
"Podar International School, Chinchwad",,Chinchwad
"St. Joseph's Convent, Chandannagar, Chinsurah",,Chinsurah
"St. Joseph's Convent Higher Secondary School, Chittaranjan",,Chittaranjan
"PES Public School, Chittoor",,Chittoor
"Rishi Valley School, Chittoor",,Chittoor
"The Peepal Grove School, Chittoor",,Chittoor
"Dr.Dasarathan International School, Coimbatore",,Coimbatore
"G.D Matriculation School, Coimbatore",,Coimbatore
"Manchester International Schoo, Coimbatore",,Coimbatore
"Suguna Pip School, Coimbatore",,Coimbatore
"Aurobind Pathvaban, Cooch Behar",,Cooch Behar
"Netaji Centenary School, Cooch Behar",,Cooch Behar
"St. Joseph's Academy, Cooch Behar ",,Cooch Behar
"St. Mary's High School, Cooch Behar",,Cooch Behar
"Dr. Dev Mohanty Public School, Cuttack",,Cuttack
"Lrdav Public School, Ganderpur, Cuttack",,Cuttack
"Narayana School, Cuttack",,Cuttack
"S.C.B. Medical Public School, Cuttack",,Cuttack
"Cambridge School, Dabra",,Dabra
"St.Mary's School, Dahod",,Dahod
"Indian International School, Dammam",,Dammam
"Shri Guru Nanak Hr. Sec. School, Damoh",,Damoh
"D.A.V Public School, Darbhanga",,Darbhanga
"Delhi Public School, Darbhanga",,Darbhanga
"Jesus And Mary Academy, Darbhanga",,Darbhanga
"Madonna English School, Darbhanga ",,Darbhanga
"PC High School, Darbhanga",,Darbhanga
"Sunshine Play School, Debai",,Debai
"Podar Learn School Degloor, Degloor",,Degloor
"Ann Mary School, Dehradun",,Dehradun
"Dehradun World School, Dehradun",,Dehradun
"Doon International School, Dehradun",,Dehradun
"Hilton's School, Dehradun",,Dehradun
"St. Joseph's Academy, Dehradun",,Dehradun
"The Oasis, Dehradun",,Dehradun
"M.S.Gopibigha, Dehri",,Dehri
"Our Own High School Warqa, Deira",,Deira
"Aadharshila Vidyapeeth, Delhi",,Delhi
"Adarsh Public School, Delhi",,Delhi
"AGDAV Public School, Delhi",,Delhi
"Ahlcon Public School, Delhi",,Delhi
"Akash Model Senior Secondary School, Delhi",,Delhi
"Amity International School, Delhi",,Delhi
"ASN Sr Sec School, Delhi",,Delhi
"Bal Bharti Public School, Delhi",,Delhi
"Bal Niketan Public School, Delhi",,Delhi
"BGS International Public School, Delhi",,Delhi
"Bhatnagar International School, Delhi",,Delhi
"Bosco Public School, Delhi",,Delhi
"C.R.Saini Public Sr.Sec.School, Delhi",,Delhi
"Cambridge Primary School, Delhi",,Delhi
"Chinmaya Vidyalaya, Delhi",,Delhi
"D.A.V Public School, Delhi",,Delhi
"D.P.S Mathura Road, Delhi",,Delhi
"Delhi Police Public School, Delhi",,Delhi
"Faith Academy School, Delhi",,Delhi
"Flora Dale School, Delhi",,Delhi
"Gd Goenka Public School, Delhi",,Delhi
"Genesis Global School, Delhi",,Delhi
"Government Sarvodya Bal Vidyal, Delhi",,Delhi
"Green Fields School, Delhi",,Delhi
"Green Valley International Public School, Najafgarh",,Delhi
"Green View Public School, Delhi",,Delhi
"Greenway Modern School, Delhi",,Delhi
"Gyan Bharati, Delhi",,Delhi
"Hansraj Smarak School Dilshad, Delhi",,Delhi
"Indraprastha International School, Delhi",,Delhi
"J.K Public School, Delhi",,Delhi
"K.R.Mangalam World School, Delhi",,Delhi
"Kendriya Vidhalaya, Delhi",,Delhi
"Lancer's Convent, Delhi",,Delhi
"Lions Public School, Delhi",,Delhi
"Loreto Convent, Delhi ",,Delhi
"Lotus Valley International School, Delhi",,Delhi
"Mata Shiv Devi Public School, Delhi",,Delhi
"Modern School, Delhi",,Delhi
"Mother's International School, Delhi",,Delhi
"Mount Abu School, Delhi",,Delhi
"New Green Field School, Delhi",,Delhi
"NK Bagrodia Public School, Delhi",,Delhi
"Prabhu Dayal Public School, Delhi",,Delhi
"Pragati Public School, Delhi",,Delhi
"Presentation Convent Senior Secondary School, Delhi",,Delhi
"Ramjas School, Rk Puram, Delhi",,Delhi
"Ravindra Memorial Public School, Delhi",,Delhi
"Richmondd Global School, Delhi",,Delhi
"Rosary Senior Secondary School, Delhi",,Delhi
"Ryan International School, Delhi",,Delhi
"Sachdeva Public School, Delhi",,Delhi
"SAM International School, Delhi",,Delhi
"Sant Nirankari Public School, Delhi",,Delhi
"Saraswati Bal Mandir, Delhi",,Delhi
"Sardar Patel School, Delhi",,Delhi
"Sarvodya Bal Vidhalaya, Delhi",,Delhi
"Shared Rajpal Dav Public Schoo, Delhi",,Delhi
"Shreeram World School, Delhi",,Delhi
"Shri Tula Ram Public School, Delhi",,Delhi
"Siddharth International Public School, Delhi",,Delhi
"SMS Janakpuri, Delhi",,Delhi
"Soami Nagar Model School, Delhi",,Delhi
"Srijan Public School, Delhi",,Delhi
"St Marks Sr Sec Public School, Delhi",,Delhi
"St Paul School, Delhi",,Delhi
"St. Anthony's Sr. Sec School, Haus Khas, Delhi",,Delhi
"St. BS Public School, Delhi",,Delhi
"St. Columba's School, Delhi",,Delhi
"St. Mary Sr. Sec. School, Delhi",,Delhi
"St. Michael Junior School, Delhi",,Delhi
"St. Michael Senior Secondary School, Delhi",,Delhi
"St. Paul's School, Delhi",,Delhi
"St. Thomas School, Delhi",,Delhi
"St.Joseph, Delhi",,Delhi
"St.Marks Se Sec Public School, Meera Bagh, Delhi",,Delhi
"Tagore International School Eok, Delhi",,Delhi
"The Shri Ram School Vasant Vihar, Delhi",,Delhi
"The Srijan School, Delhi",,Delhi
"Tyagi Public School, Delhi",,Delhi
"V. S. P. K International School, Delhi",,Delhi
"Vasant Valley School, Delhi",,Delhi
"Vedic Sanskrit Agriculture Senior Secondary School, Delhi",,Delhi
"Venkteshwar International School, Delhi",,Delhi
"Vishal Bharti Public School, Delhi",,Delhi
"VSPK International School, Delhi",,Delhi
"St. Francis School Deoghar, Deoghar",,Deoghar
"St.Xavier's High School, Deoghar",,Deoghar
"Carmel English School, Devanhalli",,Devanhalli
"St.Mary's Convent S.S School, Dewas",,Dewas
"Balika Vidya Mandir, Dhanbad",,Dhanbad
"K.K Polytechnic, Dhanbad",,Dhanbad
"Rosemary Land School, Dhanbad",,Dhanbad
"R P S Public School, Dharuhera",,Dharuhera
"Chavara Public School, Dhule",,Dhule
"K.S.K.New City High School, Dhule",,Dhule
"Play House School, Digboi",,Digboi
"Netaji Centenary School, Dinhata",,Dinhata
"St Marys School, Dinhata",,Dinhata
"Holy Child English School Hawaipur, Diphu",,Diphu
"Nilbagan Jatio Vidyalaya, Doboka",,Doboka
"Pranbhakar Desai International School, Dom ",,Dom
"The South Indian Association, Dombivli",,Dombivli
"Divine Mercy School, Domjur",,Domjur
"Hasti Public School, Dondaicha",,Dondaicha
"Flower Kids Senior Secondary School, Dungarpur",,Dungarpur
"Ideal International School, Durg",,Durg
"Carmel Convent High School, Durgapur",,Durgapur
"Delhi Public School, Durgapur",,Durgapur
"Hemsheela Model School, Durgapur",,Durgapur
"Narayana Schools, Durgapur",,Durgapur
"St. Xavier's School, Durgapur",,Durgapur
"Kumaon Public School, Dwarahat ",,Dwarahat
"Rajagiri Christujayanti Public School, Kochi",,Ernakulam
"St Antony's Public School, Ernakulam",,Ernakulam
"The Unique Academy, Erode",,Erode
"Assisi Convent School, Etah",,Etah
"Mount Litera Zee School, Etah ",,Etah
"Aggarwal Public School, Faridabad",,Faridabad
"Apeejay Svran Global School, Faridabad",,Faridabad
"Aravali International School, Faridabad",,Faridabad
"Ashok Memorial Public School, Faridabad",,Faridabad
"Dav Public School, Faridabad",,Faridabad
"Dynasty International School, Faridabad",,Faridabad
"Faridabad Model School, Faridabad",,Faridabad
"Holy Child Public School, Faridabad",,Faridabad
"Manav Rachna International School, Faridabad",,Faridabad
"Modern Delhi Public School, Faridabad",,Faridabad
"Northland International School, Faridabad",,Faridabad
"Panch Sheel Public School, Faridabad",,Faridabad
"Vishal Bharti Vidya Mandir, Faridabad",,Faridabad
"Mount Litera Zee School, Farrukhabad",,Farrukhabad
"S.B.P D.A.V Centenary Public School, Fatehabad",,Fatehabad
"SBP Dav Centenary Public Schoo, Fatehabad",,Fatehabad
"St.Xavier High School, Fatehpur",,Fatehpur
"Christ The King Inter College, Firozabad",,Firozabad
"Satya Lakshya Euroworld School, Ganganagar",,Ganganagar
"St. Claret School, Gangarampur",,Gangarampur
"Akshara Public School, Gangavathi",,Gangavathi
"Army Public School, Gaya",,Gaya
"Modern English School, Gaya",,Gaya
"Air Force School Hindan, Ghaziabad",,Ghaziabad
"Amity International School, Ghaziabad",,Ghaziabad
"Apeejay, Ghaziabad",,Ghaziabad
"Arwachin International School, Ghaziabad",,Ghaziabad
"Bharam Ram Global School, Ghaziabad",,Ghaziabad
"Delhi Public School, Ghaziabad",,Ghaziabad
"DLF Plublic School, Ghaziabad",,Ghaziabad
"DPSG International, Ghaziabad",,Ghaziabad
"DPSGV, Ghaziabad ",,Ghaziabad
"Fr. Agnel School Noida, Ghaziabad ",,Ghaziabad
"KDB Public School, Ghaziabad",,Ghaziabad
"Khaitan Public School, Ghaziabad",,Ghaziabad
"Presidium, Ghaziabad",,Ghaziabad
"Ryan International School, Ghaziabad ",,Ghaziabad
"Seth Anandram Jaipuria, Ghaziabad",,Ghaziabad
"Springvalley Public School, Ghaziabad",,Ghaziabad
"St. Francis School, Ghaziabad",,Ghaziabad
"St. Pauls Academy, Ghaziabad",,Ghaziabad
"A.V Senior Secondary School, Ghumarwin",,Ghumarwin
"Make India School, Giridih",,Giridih
"Saluja Gold International, Giridih ",,Giridih
"Fr Agnel Central School, Goa",,Goa
"Sunshine World Wide School, Goa",,Goa
"Goalpara English School, Goalpara",,Goalpara
"Mother Marry School, Goalpara",,Goalpara
"Sacred Heart School, Golaghat",,Golaghat
"Jawahar Navodaya Vidyalaya, Gondia",,Gondia
"G. N. National Public School, Gorakhpur",,Gorakhpur
"Little Flower School, Gorakhpur",,Gorakhpur
"St Judes School, Gorakhpur",,Gorakhpur
"St. Joseph School, Gorakhpur",,Gorakhpur
"St. Joseph Convent School, Goraya",,Goraya
"Viswabharathi Schol, Gudivada",,Gudivada
"Sri Venkateswara Bala Kuteer, Guntur",,Guntur
"H.R.A International School, Gurdaspur",,Gurdaspur
"Amity International School, Gurugram",,Gurugram
"C.C.S.Sr.Sec.School, Gurugram ",,Gurugram
"D A V Public School, Gurugram",,Gurugram
"G.A.V. Public School, Gurugram",,Gurugram
"Gd Goenka Public School, Gurugram",,Gurugram
"K.R Mangalam World School, Gurugram",,Gurugram
"Kunskappskolan International, Gurugram",,Gurugram
"Lotus Valley International School, Gurugram",,Gurugram
"Manav Rachna International, Gurugram",,Gurugram
"Mount Carmel School, Gurugram",,Gurugram
"Mount Olympus, Gurugram",,Gurugram
"Pathways World School, Gurugram",,Gurugram
"RPS International School, Gurugram",,Gurugram
"Salwan Public School, Gurugram",,Gurugram
"Scholars Home, Gurugram",,Gurugram
"Scottish High International, Gurugram",,Gurugram
"Shalom Hills International, Gurugram",,Gurugram
"Shiv Nadar School, Gurugram",,Gurugram
"Sidheshwar Public School, Gurugram",,Gurugram
"Social Influencer, Gurugram",,Gurugram
"The Heritage School, Gurugram",,Gurugram
"The Maurya School, Gurugram",,Gurugram
"The Shri Ram School Aravali, Gurgoan",,Gurugram
"Delhi Public School, Guwahati",,Guwahati
"Don Bosco, Guwahati",,Guwahati
"Maria's Public School, Guwahati",,Guwahati
"Pragjyotish Sr. Secondary School, Guwahati",,Guwahati
"Sanskriti The Gurukul, Guwahati",,Guwahati
"South Point School, Guwahati",,Guwahati
"St. Francis De Sales Higher Secondary School, Guwahati",,Guwahati
"St. Mary's H.S. School, Guwahati",,Guwahati
"St.Claret School, Guwahati",,Guwahati
"St.Joseph's Public School, Guwahati",,Guwahati
"Little Angles High School, Gwalior",,Gwalior
"No.1 Air Force School Gwalior, Gwalior",,Gwalior
"St Paul's School, Hajipur",,Hajipur
"Assembly Of God Church School, Haldia",,Haldia
"Dav Public School, Haldia",,Haldia
"The Assembly Of God Church School, Haldia",,Haldia
"Aryaman Vikram Birla Institute Of Learning, Haldwani",,Haldwani
"Naini Vally Ser Sec School, Haldwani",,Haldwani
"Devine International School, Hamirpur ",,Hamirpur
"Him Academy Public School, Hamirpur",,Hamirpur
"Little Flower Convent School, Hanumangarh",,Hanumangarh
"S.G.S.D.A.V. Centenary Public, Hanumangarh ",,Hanumangarh
"St.Xavier's Sr Secondary School, Hapur",,Hapur
"St. Mary Sr. Sec.School Jwalapur, Haridwar",,Haridwar
"The Wisdom Global School, Haridwar",,Haridwar
"Haroa F.P. School, Haroa",,Haroa
"Kendriya Vidyalaya Hassan, Hassan",,Hassan
"United Academy, Hassan",,Hassan
"BLS International School, Hathras",,Hathras
"Delhi Public School, Hazaribag",,Hazaribag
"DVDBS Chinmaya Vidyalaya, Hindupur",,Hindupur
"O. P. Jindal Modern School, Hisar",,Hisar
"St. Francis Xavier School, Hisar",,Hisar
"The Aryan School, Hisar",,Hisar
"Jeevan Jyoti Public School, Hisua",,Hisua
"Sandepani International Residentialschool, Holalkere",,Holalkere
"H M Education Centre, Hooghly",,Hooghly
"Surabhi Vidyaniketan, Hosapete",,Hosapete
"Citizens High School, Hoskote",,Hoskote
"Asian Christian High School, Hosur",,Hosur
"Chaitanya Techno School, Hosur",,Hosur
"Baranagore Ramakrishna Mission Ashrama High School, Howrah",,Howrah
"Lotus Day School, Howrah",,Howrah
"Methodist School Dankuni, Howrah",,Howrah
"Sasati Nahala Kathaldaha Abinash High School, Howrah",,Howrah
"Parivathan Gurukul School, Hubli",,Hubli
"Academic Heights Public School, Hyderabad",,Hyderabad
"Akshra International School, Hyderabad",,Hyderabad
"Bharatiya Vidya Bhavans Public School, Hyderabad ",,Hyderabad
"Bhashyam Brooks, Hyderabad",,Hyderabad
"Bhavans Sri Rama Krishna Vidya, Hyderabad",,Hyderabad
"Brigade Public School, Hyderabad ",,Hyderabad
"CMR International School, Hyderabad",,Hyderabad
"Dav Public School, Hyderabad",,Hyderabad
"Delhi Public School, Hyderabad",,Hyderabad
"Future Kids School, Hyderabad, ",,Hyderabad
"Gaudium International School, Hyderabad",,Hyderabad
"Genesis International School, Hyderabad",,Hyderabad
"Glendale Academy, Hyderabad",,Hyderabad
"Hindu Techno School, Hyderabad",,Hyderabad
"Indian High School, Hyderabad",,Hyderabad
"Indus Universal School, Hyderabad",,Hyderabad
"Little Flower High School, Hyderabad",,Hyderabad
"Little Scholar School, Hyderabad",,Hyderabad
"Manthan International School, Hyderabad",,Hyderabad
"Meridian School, Hyderabad ",,Hyderabad
"Meru International School, Hyderabad",,Hyderabad
"Narayana Iit Olympiad, Hyderabad",,Hyderabad
"Niraj Public School, Hyderabad",,Hyderabad
"Oakridge International, Hyderabad",,Hyderabad
"Oasis School, Hyderabad ",,Hyderabad
"Pallavi Model School, Hyderabad",,Hyderabad
"Phoenix Green School, Hyderabad",,Hyderabad
"Pobul Reddy Public School, Hyderabad",,Hyderabad
"Ramadevi Public School, Hyderabad",,Hyderabad
"Ravindra Bharathi School, Hyderabad",,Hyderabad
"Sancta Maria International, Hyderabad",,Hyderabad
"Sanskriti School, Hyderabad",,Hyderabad
"Satkama High School, Hyderabad",,Hyderabad
"Scholar's International School, Hyderabad",,Hyderabad
"Shantiniketan International School, Hyderabad",,Hyderabad
"Shloka - A Birla School, Hyder, Hyderabad",,Hyderabad
"Sri Aurobindo International School, Hyderabad",,Hyderabad
"Sri Chaitanya Techno School, Hyderabad",,Hyderabad
"St. Theresa High School, Hyderabad",,Hyderabad
"St.Joseph's High School, Hyderabad",,Hyderabad
"Tatva Global School, Hyderabad",,Hyderabad
"The Shri Ram Universal School, Hyderabad",,Hyderabad
"Unique High School, Hyderabad ",,Hyderabad
"Choithram School, Indore",,Indore
"Ideal International School, Indore",,Indore
"Indore Public School, Indore",,Indore
"Medicaps Inter National School, Indore",,Indore
"Shiva Academy School, Indore",,Indore
"Shri Krishna Public School, Indore",,Indore
"St. Norbert Senior Secondary School, Indore",,Indore
"St. Rapheals School, Indore",,Indore
"St Mary's Co-Ed Sr Sec School, Itarsi",,Itarsi
"Little World School, Jabalpur",,Jabalpur
"M.G.M.Higher.Secondary.School, Jabalpur",,Jabalpur
"Sanskar Bharti Public School, Jabalpur",,Jabalpur
"Small Wonders S S School, Jabalpur ",,Jabalpur
"St. Aloysius Senior Secondary, Jabalpur",,Jabalpur
"Sacred Heart Convent Sr Sec School, Jagadhri",,Jagadhri
"Swami Vivekanand Public School, Jagadhri",,Jagadhri
"SFS High School, Jagityal",,Jagityal
"Bharatiya Vidya Bhavan Vidyash, Jaipur",,Jaipur
"Defence Public School, Jaipur",,Jaipur
"Delhi Public School, Jaipur",,Jaipur
"Diamonds's Academy Shiksha, Jaipur",,Jaipur
"Jaipuria Vidalaya, Jaipur",,Jaipur
"Maharaja Sawai Bhawani Singh School, Jaipur",,Jaipur
"Mahaveer Public School, Jaipur",,Jaipur
"Modern School Jaipur, Jaipur",,Jaipur
"MPS International School, Jaipur",,Jaipur
"MSBSS, Jaipur",,Jaipur
"N. K. Public School Sanganer, Jaipur",,Jaipur
"Navjyoti Public School, Jaipur",,Jaipur
"Neerja Modi School, Jaipur",,Jaipur
"Ryan International School, Jaipur",,Jaipur
"S.L.V Sr. Secondary School, Jaipur",,Jaipur
"Sarvodaya Childrens Academy, Jaipur",,Jaipur
"SCA Sec School Manoharpur, Jaipur",,Jaipur
"Shri Sanskar Public School Baasi, Jaipur",,Jaipur
"Step By Step English School, Jaipur",,Jaipur
"Subodh Public School, Jaipur",,Jaipur
"Teoler High School, Jaipur",,Jaipur
"The Rajasthan International School, Jaipur",,Jaipur
"Ambuja Public School Randiya Was Pali, Jaitaran",,Jaitaran
"Gurukul Kalinga High School, Jajpur",,Jajpur
"Radiant Central Children Academy, Jalalpur",,Jalalpur
"Apeejay School, Jalandhar",,Jalandhar
"St Solidier Divine Public School, Jalandhar",,Jalandhar
"Kashinath Palod Public School, Jalgaon",,Jalgaon
"Podar International Schools, Jalgaon",,Jalgaon
"Urdu Primary School, Jalna",,Jalna
"Techno India Group Public School, Jalpaiguri",,Jalpaiguri
"Jawahar Navoday Vidiyalaya, Jamalpur",,Jamalpur
"Delhi Public School, Jammu",,Jammu
"Gd Goenka Public School, Jammu",,Jammu
"Gyan Public School Kalakote, Jammu",,Jammu
"Jk Public School, Jammu",,Jammu
"K.C Public School, Jammu",,Jammu
"Shri L. G. Haria School, Jamnagar",,Jamnagar
"Shri Satya Sai Vidyalay, Jamnagar",,Jamnagar
"New English School, Jamner",,Jamner
"Carmel Junior College, Jamshedpur",,Jamshedpur
"D B M S English School, Jamshedpur",,Jamshedpur
"Sacred Heart Convent, Jamshedpur",,Jamshedpur
"Vidya Bharati Chinmaya Vidyalaya, Jamshedpur",,Jamshedpur
"Lakshmini Devi Memorial Udayan Public School, Japla",,Japla
"Dr.Rizvi Learners Academy, Jaunpur",,Jaunpur
"Bal Vidya Niketan, Jehanabad",,Jehanabad
"Cambridge International School, Jhajjar",,Jhajjar
"St Francis De Sales Are Sec School, Jhajjar",,Jhajjar
"Balaji Public School, Jhansi",,Jhansi
"Jai Academy, Jhansi",,Jhansi
"RNS World School, Jhansi",,Jhansi
"S K A D Inter Collage, Jhansi",,Jhansi
"West End High School, Jhargram",,Jhargram
"D A V Public School, Jharsuguda",,Jharsuguda
"The Blue Bells E.M School, Jharsuguda",,Jharsuguda
"Indus Public School, Jind",,Jind
"Central Academy School Army Cantt, Jodhpur",,Jodhpur
"St.Anne's School, Jodhpur",,Jodhpur
"Fransalian High School, Jonai",,Jonai
"Eklavya Global Public School, Junagadh",,Junagadh
"Narayana.E.M.School, kadapa",,Kadapa
"Sainik School Imphal, Kakching",,Kakching
"Aditya Public School, Kakinada",,Kakinada
"Saranya Concept School, Kakinada",,Kakinada
"Little Flower English Medium School, Kalikavu",,Kalikavu
"Springdale Academy, Kalimpong",,Kalimpong
"St. Joseph's Convent, Kalimpong",,Kalimpong
"Holy Cross Convent School, Kalyan ",,Kalyan
"Vani Vidyashala High School, Kalyan",,Kalyan
"Velammal Global School Polacheri, Kanchipuram",,Kanchipuram
"St. Drona Public School, Kandhla",,Kandhla
"GAV Public School Kangra, Kangra",,Kangra
"Gama International School, Kannur",,Kannur
"A.K. Academy, Kanpur",,Kanpur
"Allenhouse Public School, Kanpur",,Kanpur
"DPS Kalyanpur, Kanpur, Kanpur",,Kanpur
"Dr.Virendra Swarup Education Centre, Kanpur",,Kanpur
"Prithviraj Chauhan Education Centre, Kanpur",,Kanpur
"Puranchandra Vidhaya Niketan, Kanpur",,Kanpur
"Sheiling House School, Kanpur",,Kanpur
"St. Joseph's Sr. Sec. School, Kanpur",,Kanpur
"St. Mary's Convent High School, Kanpur",,Kanpur
"U.P Kirana Seva Samiti Vidyala, Kanpur",,Kanpur
"Welfare Mission International, Kanpur",,Kanpur
"M.G.N Public School, Kapurthala",,Kapurthala
"Jawahar Navodaya Vidyalaya, Karaikal",,Karaikal
"The Leader's Academy, Karaikudi",,Karaikudi
"Paramita High School, Karimnagar",,Karimnagar
"Parksh Public Shool, Karnal",,Karnal
"Pratap Public School, Karnal",,Karnal
"S.D Adarsh Public School, Karnal",,Karnal
"St Kabir Public School, Karnal",,Karnal
"Vijeta Public School, Karnal",,Karnal
"St Micheal Convent School, Karwar",,Karwar
"G H S S Kasaragod, Kasaragod",,Kasaragod
"Katwa D.D.C. Girls H.S. School, Katwa",,Katwa
"H.R.I.C.Khalilabad, Khalilabad",,Khalilabad
"Vatsalya International School, Khambhat",,Khambhat
"Griffins International School, Kharagpur",,Kharagpur
"Panskura Shri Ramkrishna Vivek, Kharagpur",,Kharagpur
"Ramsheth Thakur Public School, Kharghar",,Kharghar
"Kalpana Chawla Vidyapeeth School, Kharkhoda ",,Kharkhoda
"Inter National Public School, Khordha",,Khordha
"Snehalata Public School, Kirnahar",,Kirnahar
"Delhi Public School, Kishanganj",,Kishanganj
"Chatrapati Shahu Vidyalaya, Kolhapur, Kolhapur",,Kolhapur
"Vimla Goyenka English Medium, Kolhapur",,Kolhapur
"Adamas International School, Kolkata",,Kolkata
"Aditya Academy Senior Secondary, Kolkata",,Kolkata
"Akshar School, Kolkata",,Kolkata
"Apeejay School Saltlake, Kolkata",,Kolkata
"Apeejay School, Kolkata",,Kolkata
"APS, Kolkata",,Kolkata
"Ashok Hall Girls High School, Kolkata",,Kolkata
"Assembly Of God Church, Kolkata",,Kolkata
"Aulad Hussain Islamic Academy, Kolkata",,Kolkata
"B.D.M.International, Kolkata",,Kolkata
"Ballygunge Government High School, Kolkata",,Kolkata
"Barasat Kalikrishna Girls High School, Kolkata",,Kolkata
"Bharatiya Vidhya Bhavan, Kolkata",,Kolkata
"Bidhannagar Municipal School, Kolkata",,Kolkata
"Bidya Bharati School, Kolkata",,Kolkata
"Birla High School, Kolkata",,Kolkata
"Carmel School, Kolkata",,Kolkata
"D P S Newtown, Kolkata",,Kolkata
"DAV Public School, Kolkata",,Kolkata
"Don Bosco School, Kolkata",,Kolkata
"Easternpoint High School, Kolkata",,Kolkata
"Future Campus School, Kolkata",,Kolkata
"G.D Birla Centre For Eucatio, Kolkata",,Kolkata
"Garden High School, Kolkata",,Kolkata
"Gems Akademia International School, Kolkata",,Kolkata
"Grace Ling Liang English School, Kolkata",,Kolkata
"Hariyana Vidyamandir, Kolkata",,Kolkata
"Holy Child Boys National Schoo, Kolkata",,Kolkata
"Jewish Girls' School, Kolkata",,Kolkata
"La Martiniere For Boys, Kolkata",,Kolkata
"Loreto Convent Entally, Kolkata",,Kolkata
"Loreto Day School Boubazar, Kolkata",,Kolkata
"M.P.Birla Foundation Higher Secondary School, Kolkata",,Kolkata
"Mahadevi Birla Sishu Vihar, Kolkata",,Kolkata
"Mangalam Vidya Niketan, Kolkata",,Kolkata
"Modern English Academy, Kolkata",,Kolkata
"National High School, Kolkata",,Kolkata
"Our Lady Queen Of The Missions, Kolkata ",,Kolkata
"Pathabhavan, Kolkata",,Kolkata
"Purbasukutia G.K. Balika Vidayala, Kolkata",,Kolkata
"Queen Of The Missions School, Kolkata",,Kolkata
"Ramkrishna Mission Boys' Home Junior High School, Kolkata",,Kolkata
"Salt Lake Shiksha Nikethan, Kolkata",,Kolkata
"Shri Shikshayatan School, Kolkata",,Kolkata
"South Point High School, Kolkata",,Kolkata
"South Point, Kolkata",,Kolkata
"St. Augustines Day School, Kolkata",,Kolkata
"St. James's School, Kolkata ",,Kolkata
"St. Teresa's Secondary School, Kolkata",,Kolkata
"St.James' School, Kolkata",,Kolkata
"St.Stephen's School, Kolkata",,Kolkata
"Sudhir Memorial Institute, Kolkata",,Kolkata
"Sunflower Nursery & K.G. School, Kolkata",,Kolkata
"The Aryans School, Kolkata",,Kolkata
"The Assembly Of God Church School, Kolkata",,Kolkata
"The Calcutta Boy's School, Kolkata",,Kolkata
"The Foundation Senior Secondaryschool, Kolkata",,Kolkata
"The Heritage School, Kolkata",,Kolkata
"The Newtown School, Kolkata",,Kolkata
"The Vedanta Academy, Kolkata",,Kolkata
"Welland Gouldsmith School, Kolkata",,Kolkata
"Young Horizons School, Kolkata",,Kolkata
"Auxilium Isc School, Kollam",,Kollam
"Navdeep Public School, Kollam",,Kollam
"Methodist School, Konnagar",,Konnagar
"Sanjivani Academy, Kopargaon",,Kopargaon
"Swamy Vivekananda English Medium School, Koppal, Koppal",,Koppal
"D.D.M Public School, Korba",,Korba
"BSN Academy, Kota",,Kota
"Lal Bahadur Shastri, Sr.Sec.School, Kota",,Kota
"St.Pauls Sr.Sec.School, Kota",,Kota
"A.E.C.S Manuguru, Kothagudem",,Kothagudem
"Triveni Talent School, Kothagudem",,Kothagudem
"Sri Sri Academy, Kottarakkara",,Kottarakkara
"Billabong High International School, Kottayam",,Kottayam
"Kendriya Vidhyalaya, Kottayam",,Kottayam
"St.Sebastian Public School, Kottayam",,Kottayam
"Bhavans Balamandir, Kozhikode ",,Kozhikode
"Nalanda International Public School, Krishnagiri",,Krishnagiri
"The Vijay Millennium Senior Secondary School, Krishnagiri",,Krishnagiri
"Maharishi Vidya Mandir, Kumbakonam ",,Kumbakonam
"BGS Public School, Kunigal, Kunigal",,Kunigal
"Montessori Indus School, Kurnool",,Kurnool
"S D Girl School, Kurukshetra",,Kurukshetra
"Wisdom World School, Kurukshetra",,Kurukshetra
"St.Joseph's Convent School, Labpur",,Labpur
"Kendriya Vidhyalaya, Lakhisarai",,Lakhisarai
"Central Public School, Lalganj",,Lalganj
"Vidhyavikas M. School, Latur",,Latur
"Bimla International Public School, Lucknow ",,Lucknow
"City Montessori School, Lucknow",,Lucknow
"CMS Rajajipuram, Lucknow",,Lucknow
"La Martinier College, Lucknow",,Lucknow
"Loreto Convent, Lucknow",,Lucknow
"Rani Laxmi Bai School, Lucknow",,Lucknow
"Shivaji Junior High School, Lucknow",,Lucknow
"St Dominic Savio College, Lucknow",,Lucknow
"St Merry's Conventinter College, Lucknow",,Lucknow
"St.Francis School, Lucknow",,Lucknow
"Subhash Inter College, Lucknow",,Lucknow
"Vibgyor High School, Lucknow",,Lucknow
"Vidyatree Modern World College, Lucknow",,Lucknow
"B V M School, Ludhiana",,Ludhiana
"Green Land Convent School, Ludhiana",,Ludhiana
"Kundan Vidya Mandir, Ludhiana",,Ludhiana
"Police Dav Public School, Ludhiana",,Ludhiana
"Sacred Heart Convent School, Ludhiana",,Ludhiana
"Satpaul Mittal School, Ludhiana",,Ludhiana
"Nalanda Vidya Peeta, Maddur",,Maddur
"Dhruva Tara School Umgaon, Madhubani",,Madhubani
"Mahatma CBSE Akkamma Building, Madurai",,Madurai
"Vallaba Vidyalaya, Madurai",,Madurai
"M.S.H.School, Maharajgan",,Maharajganj
"Chaitanya Central School, Mahabubnagar",,Mahbubnagar
"Kakatiya Group Of School, Mahabubnagar",,Mahbubnagar
"Sabri Vidhya Vihar, Mahesana",,Mahesana
"JS Memorial Public School, Mainpuri",,Mainpuri
"St.Anslam School Makrana, Makrana",,Makrana
"Daffodils English Academy, Malda",,Malda
"Maharajnagar High Madrasah, Malda",,Malda
"North Point English Academy, Malda",,Malda
"Pipla High School, Malda",,Malda
"Ramakrishna Mission Vivekanand, Malda",,Malda
"Usha Martin School, Malda",,Malda
"Holy Angels School Malout, Malout",,Malout
"Indus Global School, Mandi",,Mandi
"St. Alphonsa Convent School, Mandsaur",,Mandsaur
"H.M.Y.H.S.S Manjeri, Manjeri",,Manjeri
"Manovikas English Medium School, Margao",,Margao
"Mount Hill Acadamy, Mathura",,Mathura
"Shriji Baba Saraswati Vidhya Mandir, Mathura",,Mathura
"Amrit Memorial Higher Secondar, Mau",,Mau
"Chandra Public School, Mau",,Mau
"Chirag Junior School, Meerut",,Meerut
"Gargi Girls School, Meerut",,Meerut
"KL International School, Meerut",,Meerut
"Krishna Public School, Meerut",,Meerut
"Meerut Public School For Girls, Meerut",,Meerut
"Sarvodaya Public School Kharkhoda, Meerut",,Meerut
"Sophia Girls School, Meerut",,Meerut
"St.Marry's Academy, Meerut, Meerut",,Meerut
"Vidya Global School, Meerut",,Meerut
"ACC DAV Public School, Mehgaon",,Mehgaon
"Mission Girl's High School, Midnapore",,Midnapore
"Ramakrishna Mission Vidya Bhavan, Midnapore",,Midnapore
"Vidyasagar Shishu Niketan, Midnapore ",,Midnapore
"S D P B E Centre Mirzapur, Mirzapur",,Mirzapur
"Tulsi Ram Maheshwari Public School, Modinagar ",,Modinagar
"DN Model School Moga, Moga",,Moga
"Mind Tree School, Mohali",,Mohali
"Oakridge International School, Mohali",,Mohali
"St. Stephens School, Mohali",,Mohali
"Vivek High School, Mohali",,Mohali
"K.C.M School, Moradabad",,Moradabad
"C S Dav Public School, Motihari",,Motihari
"K.V.S Motihari, Motihari",,Motihari
"M.S Memorial Public School, Motihari ",,Motihari
"Shantiniketan Jubilee School, Motihari",,Motihari
"BVM Public School, Mughalsarai",,Mughalsarai
"Apeejay School, Mumbai",,Mumbai
"Arya Vidya Mandir, Mumbai",,Mumbai
"B.K. High School, Mumbai",,Mumbai
"Billabong International High School, Mumbai",,Mumbai
"Bombay Scottish School, Powai, Mumbai",,Mumbai
"C.N.M.S School, Mumbai",,Mumbai
"Cambridge School, Mumbai",,Mumbai
"Campion School, Mumbai",,Mumbai
"Cathedral Senior School, Mumbai",,Mumbai
"Chatrabhuj Narsee Memorial School, Mumbai",,Mumbai
"D Y Patilinternational School, Mumbai",,Mumbai
"D. Y. P. A. High School, Mumbai",,Mumbai
"D.G Khetan International School, Mumbai",,Mumbai
"Delhi Public School, Mumbai",,Mumbai
"Dhirubhai Ambani International, Mumbai",,Mumbai
"Divine Child High School, Mumbai",,Mumbai
"Ecole Mondiale, Mumbai ",,Mumbai
"Father Agnel School, Mumbai",,Mumbai
"G S Shetty International School, Mumbai",,Mumbai
"Gold Crest High School, Mumbai",,Mumbai
"Gopal Sharma International School, Mumbai",,Mumbai
"Gopi Birla Memorial School, Mumbai",,Mumbai
"Hiranandani Foundation School, Mumbai",,Mumbai
"J B Vachha, Mumbai",,Mumbai
"Jamnabai Narsee International School, Mumbai",,Mumbai
"Kapol Vidyanidhi International, Mumbai",,Mumbai
"Lakshdham High School, Mumbai",,Mumbai
"Lilavatibai Podar High School, Mumbai",,Mumbai
"Lodha World School, Mumbai",,Mumbai
"Lokhandwala Foundation School, Mumbai",,Mumbai
"Nahar International School, Mumbai",,Mumbai
"Nalanda Public School, Mumbai",,Mumbai
"Narayana E Techno, Mumbai",,Mumbai
"Navy Children School, Mumbai",,Mumbai
"NES National Public School, Mumbai",,Mumbai
"Orchid The International School, Bombai",,Mumbai
"P.G. Garodia School (Icse), Mumbai",,Mumbai
"Pawar Public School, Mumbai",,Mumbai
"Podar International, Mumbai",,Mumbai
"RBK International Academy, Mumbai",,Mumbai
"Reliance Foundation School, Mumbai",,Mumbai
"Rustomjee Cambridge International School, Mumbai",,Mumbai
"S.L.Porwal E.M.H.School, Mumbai",,Mumbai
"SAS Billabong High School, Mumbai",,Mumbai
"Scholar High School, Mumbai",,Mumbai
"Shri S K I Jain High School, Mumbai",,Mumbai
"SSRVM, Mumbai",,Mumbai
"St Teresas Convent High School, Mumbai",,Mumbai
"St. Peter School, Mumbai ",,Mumbai
"The Dadar Parsee Youth Assembly High School, Mumbai",,Mumbai
"The Universal School Ghatkopar, Mumbai",,Mumbai
"Tilak International Primary School, Mumbai",,Mumbai
"U. S Ostwal English Academy, Mumbai",,Mumbai
"Universal High Dahisar, Mumbai",,Mumbai
"VCW Arya Vidya Mandir, Mumbai",,Mumbai
"Vibgyor High, Mumbai",,Mumbai
"Vishwaajyot High School Kharghar, Mumbai",,Mumbai
"Crown Convent School, Muzaffarnagar",,Muzaffarnagar
"Manasarowar Pushkarni Vidyalay, Mysore",,Mysore
"National Public School, Mysore",,Mysore
"St.Josephs Central School, Mysore",,Mysore
"Techno India Group Public School, Nabadwip",,Nabadwip
"Corpus Christy School, Nagercoil",,Nagercoil
"Kendriya Vidyalaya, Nagercoil",,Nagercoil
"Ponjesly Public Mat, Hr. Sec. School, Nagercoil",,Nagercoil
"Trinity Central School, Nagercoil",,Nagercoil
"Adarsh Sanskar Vidyalaya, Nagpur",,Nagpur
"Centre Point School, Amravati Bypass, Nagpur",,Nagpur
"Dharampeth English Medium High, Nagpur",,Nagpur
"Priyadarshani Nagpur Public School, Nagpur ",,Nagpur
"Saint Paul School, Nagpur",,Nagpur
"Sanskar Vidya Sagar, Nagpur",,Nagpur
"School Of Scholars, Nagpur",,Nagpur
"St. Vincent Pallotti School, Nagpur",,Nagpur
"Tbrans English Medium School, Nagpur",,Nagpur
"Wonderland High School, Nagpur",,Nagpur
"Lakes International School, Nainital",,Nainital
"St. Marrys Najibabad, Najibabad",,Najibabad
"Rosemary Land School, Nalanda",,Nalanda
"BM Global Academy, Nalbari",,Nalbari
"Government Higher Secondary School, Namakkal",,Namakkal
"Green Park International, Namakkal",,Namakkal
"Chander Sain Convent Academy, Nanauta",,Nanauta
"D.A.V Centenary Public School, Nangloi ",,Nangloi
"S.D.R Public Sr.Sec.School, Nangloi",,Nangloi
"RPS Public School, Narnaul",,Narnaul
"St. Joseph Senior Secondary School, Narsinghgarh",,Narsinghgarh
"Doon Public School, Narwana",,Narwana
"Army Public School, Nashik",,Nashik
"New Era English Medium School, Nashik",,Nashik
"Sacred Heart Convent High School, Nashik",,Nashik
"Silver Oak Universal School, Nashik",,Nashik
"St.Vincent Pallotti School, Nashik",,Nashik
"Aster Global School, Navsari",,Navsari
"Sgm Shiroiya English School, Navsari",,Navsari
"Ratnam School, Nellore",,Nellore
"Dnyaneshwar International School, Newasa",,Newasa
"Amity International School, Noida",,Noida
"Apeejay School, Noida",,Noida
"Assisi Convent School, Noida",,Noida
"Aster Public School, Noida",,Noida
"Bal Bharati Public School, Noida",,Noida
"BGS Vijnatham School, Noida",,Noida
"Cambridge School, Noida",,Noida
"Gyanshree World School, Noida",,Noida
"JBM Global School, Noida",,Noida
"Manav Rachana International School, Noida",,Noida
"Nehru International Public School, Noida",,Noida
"Panchsheel Balak Inter College, Noida ",,Noida
"PD Memorial School, Noida",,Noida
"Royal Pupil Academy, Noida",,Noida
"Sarvottam International School, Noida",,Noida
"Seismic School, Noida",,Noida
"Shriram Millennium School, Noida",,Noida
"Somerville School, Noida, Noida",,Noida
"The Millennium School, Noida",,Noida
"Vishwa Bharti Public School, Noida",,Noida
"St. Xavier's Collegiate School, Nonihat",,Nonihat
"Valley View School, North Lakhimpur",,North Lakhimpur
"Sacred Heart Convent School, Obra",,Obra
"St.Joseph's Hr. Sec.School, Oinam",,Oinam
"Chhatrapti Shivaji Hish School, Osmanabad",,Osmanabad
"Zilha Parishad Primary School, Deolali, Osmanabad",,Osmanabad
"British Kinder And Primary School, Pala",,Pala
"St. Mary's G. H. S. S, Pala",,Pala
"Amrita Vidyalayam, Palakkad",,Palakkad
"St.John International School, Palghar",,Palghar
"Dr. K. B. Hedgewar Priamary School, Panaji",,Panaji
"Sharada Mandir, Panaji",,Panaji
"Manav Mangal School Panchkula, Panchkula",,Panchkula
"Ryan International School, Panchkula",,Panchkula
"Saint John High School, Panchkula",,Panchkula
"St. John's High School, Panchkula",,Panchkula
"Arihant Public School, Pandharpur",,Pandharpur
"Bal Vikas School, Panipat",,Panipat
"Delhi Public School, Panipat",,Panipat
"Dps, Panipat Refienry, Panipat",,Panipat
"Dr.MKK Arya Model School, Panipat",,Panipat
"SD Vidya Mandir, Panipat",,Panipat
"Vivekananda Institution, Panskura",,Panskura
"JNV Hooghly, Parabagnan",,Parabagnan
"Fatima Convent High School, Paratwada",,Paratwada
"Vision English School Selu, Parbhani",,Parbhani
"Caledonian International School, Pathankot",,Pathankot
"The Senior Scholars School, Pathankot",,Pathankot
"Cammridge Global School, Patiala",,Patiala
"GEMS School, Patiala",,Patiala
"Ryan International School, Patiala",,Patiala
"St. Peters Academy, Patiala",,Patiala
"Yadavindra Public School, Patiala",,Patiala
"Christ Church Diocesan School, Patna",,Patna
"D. A. V Public School, Patna",,Patna
"Don Bosco Academy, Patna",,Patna
"Jesus And Mary Academy, Patna",,Patna
"Krishna Public School, Patna",,Patna
"Litera Valley School, Patna",,Patna
"New Era High School, Patna",,Patna
"Notre Dame Academy, Patna",,Patna
"Radiant International School, Patna",,Patna
"S.V.M.R.P School, Patna ",,Patna
"Saint Karens Primary School, Patna",,Patna
"Shivam Convent, Patna",,Patna
"St Xavier's High School, Patna",,Patna
"St. Mary's Academy, Patna",,Patna
"St. Michael High School, Patna",,Patna
"A.D.Z.R Z.P High School, Payakaraopeta",,Payakaraopeta
"Aditya School, Pithapuram",,Pithapuram
"Keshav Vidhya Mandir, Pollachi",,Pollachi
"Aditya Vidhyashram Pondicherry, Pondicherry",,Pondicherry
"Sri Chaitanya Techno School, Porumamilla",,Porumamilla
"Airforce School, Prayagraj",,Prayagraj
"Bal Bharti School, Prayagraj",,Prayagraj
"BBS International School, Prayagraj",,Prayagraj
"Boy's High School, Prayagraj",,Prayagraj
"D L Public School Kanjasa, Prayagraj",,Prayagraj
"Girls High School, Prayagraj",,Prayagraj
"Maharshri Patajali Vidya Mandi, Prayagraj",,Prayagraj
"MV Convent School And College, Prayagraj",,Prayagraj
"Patanjali Rishikul, Prayagraj",,Prayagraj
"Saint John's Academy, Prayagraj",,Prayagraj
"SMC Ghoorpur, Prayagraj",,Prayagraj
"St. Mary's Convent School, Prayagraj",,Prayagraj
"St.Joseph College, Prayagraj",,Prayagraj
"Tagore Public School, Prayagraj",,Prayagraj
"Airforce School, Pune",,Pune
"Blue Ridge School, Pune ",,Pune
"City International School, Pune",,Pune
"D.A.V Public School, Pune",,Pune
"Delhi Public School, Pune",,Pune
"Dr. Shamarao Kalmadi High School, Pune",,Pune
"Global Indian International School, Pune",,Pune
"Kothari International School, Pune",,Pune
"Lexicon International School Pune, Pune",,Pune
"Millennium National School, Pune",,Pune
"New English School And Jr College, Pune",,Pune
"Paranjape Vidya Mandir, Pune",,Pune
"PICT Model School, Pune, Pune",,Pune
"Podar International School, Pune",,Pune
"Preeti English Medium School, Pune",,Pune
"Prodigy Public School, Pune",,Pune
"R.M.D International School, Pune",,Pune
"Rasiklal M Dhariwal International School, Pune",,Pune
"Ryan Inernational School, Pune",,Pune
"Sadhana Vidhyalaya, Malwadi, Pune",,Pune
"Sevasadan English Medium School, Pune",,Pune
"SNBP International School, Pune",,Pune
"St Mary's School, Pune",,Pune
"St. Vincent Primary School, Pune",,Pune
"The Bishops School, Camp, Pune",,Pune
"The Good Samaritan School, Pune",,Pune
"Tree House High School, Pune ",,Pune
"Vibgyor High School, Pune",,Pune
"Vidya Niketan School, Pune",,Pune
"Vidya Prathishthan Indapur English Medium School, Pune",,Pune
"Vidya Valley World School, Pune",,Pune
"Wisdom World School, Pune",,Pune
"Gopinath Dev Bidyapitha, Puri",,Puri
"Mother's Public School, Puri",,Puri
"Jet Kids International, Pusad",,Pusad
"Wood Stock Public School Batala, Qadian",,Qadian
"Dav Public School, Raebareli",,Raebareli
"Ramkrishna Mission Boys' Home, Rahara ",,Rahara
"Sadhvi Preetisudhaji Internati, Rahata",,Rahata
"O.P Jindal School, Raigarh",,Raigarh
"Krishna Public School, Raipur",,Raipur
"Mayoor School, Raipur, Raipur",,Raipur
"Monnet D.A.V. Public School, Raipur",,Raipur
"NH Goel World School, Raipur",,Raipur
"Rajkumar College, Raipur",,Raipur
"Ryan International School, Raipur",,Raipur
"Sandipani Vidya Mandir, Raipur",,Raipur
"The Shapers, Raisingh Nagar",,Raisingh Nagar
"Sathya Vidyalaya Cbse, Rajapalayam",,Rajapalayam
"Krishna International School, Rajkot",,Rajkot
"Podar International School, Rajkot",,Rajkot
"Saint Mary's, Rajkot",,Rajkot
"SNK School, Rajkot",,Rajkot
"St Paul School, Rajkot",,Rajkot
"T.N.Rao School For Girls, Rajkot",,Rajkot
"St. Joseph's U. P. S Vellilappally, Ramapuram",,Ramapuram
"Army Public School Ramgarh Cantt, Ramgarh",,Ramgarh
"O. P. Jindal School, Ramgarh",,Ramgarh
"Scholar's High, Ramgarh",,Ramgarh
"Jawahar Vidya Mandir, Ranchi",,Ranchi
"Kairali School, Ranchi",,Ranchi
"St. Francis School, Ranchi",,Ranchi
"St. Xavier's School, Ranchi",,Ranchi
"SKS Public School, Raniganj",,Raniganj
"G M S F Public School, Ranikhet",,Ranikhet
"Shemford Futuristic School, Rewa",,Rewa
"Oxford International, Rewari",,Rewari
"Rao Khem Chand School, Rewari",,Rewari
"RPS International School, Rewari",,Rewari
"Nirmal Ashram Deepmala Public School, Rishikesh",,Rishikesh
"J.M Rathi English School, Roha",,Roha
"Aradhana Public School, Rohru",,Rohru
"Schoolar Rosary Senior Sec School, Rohtak",,Rohtak
"St. Arnold's School, Rourkela",,Rourkela
"Delhi Public School, Rudrapur",,Rudrapur
"R. A. N Public School, Rudrapur",,Rudrapur
"New Look Central School, Sagwara",,Sagwara
"Dellmond International School, Saharanpur",,Saharanpur
"Rainbow School, Saharanpur",,Saharanpur
"Sophia Girls Senior Secondary School, Saharanpur ",,Saharanpur
"Buddha Public School, Saharsa",,Saharsa
"Shanti Mission Academy, Saharsa",,Saharsa
"Mount Litera Zee School, Sahibabad",,Sahibabad
"Bhavans Sri Ramakrishna Vidhyalay, Sainikpuri",,Sainikpuri
"Emerald Valley Public School, Salem",,Salem
"Jairam Public School, Salem",,Salem
"K. R. P Matric Higher Secondary School, Salem",,Salem
"Maharishi Vidhya Mandhir, Salem",,Salem
"Sri Seshaas International Public School, Salem",,Salem
"Holy Mission High School, Samastipur",,Samastipur
"Tirhut Academy Samastipur, Samastipur",,Samastipur
"Podar International School, Sangli",,Sangli
"General Gurnam Singh Public School, Sangrur",,Sangrur
"GGS Public School, Sangrur ",,Sangrur
"La Foundation School, Sangrur",,Sangrur
"Little Flower Convent School, Sangrur",,Sangrur
"Oakridge International School, Sas Nagar",,Sas Nagar
"Pallavi Modal School, Secunderab",,Secunderabad
"St.Theresa High School, Secunderabad",,Secunderabad
"Ideal English Medium School, Shahada",,Shahada
"Good Shepherd Convent Sr. Sec. School, Shahdol",,Shahdol
"The Doon School, Shahjahanpur",,Shahjahanpur
"M G Convent, Shajapur",,Shajapur
"Saraswati Public School Shekhupura, Shamli",,Shamli
"Mauli School Of Scholars, Shegaon",,Shegaon
"Islamia High School, Sheikhpura",,Sheikhpura
"ACME Public School, Sheohar",,Sheohar
"Gyandeep Senior Secondary Public School, Shikohabad",,Shikohabad
"St Dominics Academy, Shikohabad",,Shikohabad
"B K Bajoria School, Shillong",,Shillong
"St Edmunds School, Shillong",,Shillong
"Jesus Mission School, Sidhauli",,Sidhauli
"Sanskar International School, Sikar",,Sikar
"Don Bosco Siliguri, Siliguri",,Siliguri
"Good Shepherd School, Siliguri",,Siliguri
"Sacred Heart School, Siliguri ",,Siliguri
"Jijamata Vidhyalay, Sindhkhed ",,Sindkhed
"The Sirsa School, Sirsa",,Sirsa
"V N Sr Sec School, Sirsa",,Sirsa
"Saraswati Vidya Mandir, Sitamarhi",,Sitamarhi
"Iqra Public School, Siwan",,Siwan
"MRA Dav Public School, Solan",,Solan
"Indian Model School, Solapur",,Solapur
"Sandeepany English Medium School, Somwarpet",,Somwarpet
"D P S Sonepat Haryana, Sonipat",,Sonipat
"Little Angels School, Sonipat",,Sonipat
"Rishikul World Academy, Sonipat",,Sonipat
"Takshila Public School, Sonipat",,Sonipat
"The Vedic Era Progressive School, Sonipat",,Sonipat
"St. Joseph's Hr. Sec. School, Sopore",,Sopore
"M.P.Model School, Srikakulam",,Srikakulam
"Sarvani Vidyalayam, Srikakulam",,Srikakulam
"KIE Hr Sec School Srinagar, Srinagar",,Srinagar
"M.E.I Pampore Pulwama Kashmir, Srinagar",,Srinagar
"Madina Public High School, Srinagar",,Srinagar
"Navakadal Girls Higher Secondary, Srinagar ",,Srinagar
"SRM Welkin Hr Sec Sopore, Srinagar",,Srinagar
"Tyndale Biscoe School, Srinagar",,Srinagar
"Modern Sandeepani School, Sujanpur",,Sujanpur
"B S I C Bhakhare Sultanpur, Sultanpur",,Sultanpur
"Dalimss Sunbeam School, Sultanpur",,Sultanpur
"Gurucharan Kaur Public School, Sultanpur",,Sultanpur
"St. Theresa English School, Sundargarh",,Sundargarh
"Golden Public School, Supaul",,Supaul
"J.H.Ambani Saraswati Vidyamandir, Surat",,Surat
"Metas Of Seventh Day Adventist, Surat",,Surat
"Ryan International School, Surat",,Surat
"Sardar Vallabh Bhai Patel, Surat",,Surat
"St. Xavier's High School, Surat",,Surat
"Tiny Star Higher Secondary School, Surat",,Surat
"Sri Sai Vijetha High School, Tadipatri",,Tadipatri
"Kongu Matric Hr Sec School, Tamilnadu",,Tamil Nadu
"Santhome Public School, Thane",,Thane
"Saraswati Vidyalaya High School, Thane",,Thane
"Seven Square Academy, Thane",,Thane
"Shafi Burondkar Primary Urdu School, Thane",,Thane
"St. Xaviers Global Academy, Thane",,Thane
"Symbiosis Convent High School, Thane",,Thane
"Vasant Vihar High School, Thane",,Thane
"Bloosom Public School, Thanjavur",,Thanjavur
"Sri Saicharan High School, Thippaluru",,Thippaluru
"The Choice School, Thiruvalla",,Thiruvalla
"Bhavans Munshi Vidyashram, Thiruvamkulam ",,Thiruvamkulam
"Chinmaya Vidyalaya Attukal, Thiruvananthapuram",,Thiruvananthapuram
"Christ Nagar Central School, Thiruvananthapuram",,Thiruvananthapuram
"Dr. Gr Public School, Thiruvananthapuram",,Thiruvananthapuram
"Holy Angels' Isc School, Thiruvananthapuram",,Thiruvananthapuram
"MGM Central Public School, Thiruvananthapuram",,Thiruvananthapuram
"Sarvodaya Vidyalaya, Thiruvananthapuram",,Thiruvananthapuram
"St. Thomas Residential School, Thiruvananthapuram",,Thiruvananthapuram
"Stmarys School Pattom, Thiruvananthapuram",,Thiruvananthapuram
"The School Of Good Shepherd, Thiruvananthapuram",,Thiruvananthapuram
"Paramekkavu Vidya Mandir, Thrissur",,Thrissur
"Rosemary Public School, Tirunelveli",,Tirunelveli
"Edify School, Tirupati",,Tirupati
"Aurobindo International School, Trichy",,Trichy
"Kamala Niketan Montessori School, Trichy",,Trichy
"RSK Higher Secondary School, Trichy",,Trichy
"Sri Vageesha Vidhyashram Schoo, Trichy",,Trichy
"Sri Chaitanya Techno School, Tumakuru",,Tumakuru
"Mahaveer Senior Secondry School, Udaipur",,Udaipur
"Rana Pratap English Medium School, Udaipur",,Udaipur
"St. Anthony's Senior Secondary School, Udaipur",,Udaipur
"Army Public School Udhampur, Udhampur ",,Udhampur
"Little Rock Indian School, Udupi",,Udupi
"Podar International School, Ulhaanagar ",,Ulhaanagar
"D.A.V Centenary Public School, Una",,Una
"Alembic Vidhyalaya, Vadodara",,Vadodara
"Ambe Vidhyalaya, Vadodara",,Vadodara
"Baselious Public School Bajwa, Vadodara",,Vadodara
"Bhartiya Vidya Bhavan, Vadodara",,Vadodara
"Bright Day School, Vadodara",,Vadodara
"Delhi Public School, Vadodara ",,Vadodara
"Gujarat Public School, Vadodara",,Vadodara
"Navrachana School, Vadodara",,Vadodara
"Saint Basil School, Vadodara",,Vadodara
"Tejas Vidyalaya, Vadodara",,Vadodara
"Vibgyor High, Vadodara",,Vadodara
"Saint Monica, Vaijapur",,Vaijapur
"Smt Sandraben Shroff Gnyandham School, Vapi",,Vapi
"St. Xavier's High School, Vapi",,Vapi
"Central Hindu Boys School, Varanasi",,Varanasi
"Green Valley English School, Varanasi",,Varanasi
"Gyandeep Academy, Varanasi",,Varanasi
"Navneeta Kunwar Public School, Varanasi",,Varanasi
"St Johns School, Varanasi",,Varanasi
"St. John's School, Varanasi",,Varanasi
"St.Josheps Convent School, Varanasi",,Varanasi
"Sunbeam Indra Nagar Varanasi, Varanasi",,Varanasi
"Sunbeam School Mughalsarai, Varansi",,Varanasi
"Varanasi Public School, Varanasi",,Varanasi
"IDA Scudder School, Vellore",,Vellore
"Vaels International School, Vettuvankeni",,Vettuvankeni
"Vatsalya S.Sec School, Vidisha",,Vidisha
"Tungal School, Vijayapur",,Vijayapura
"Atkinson Sr Sec School, Vijayawada",,Vijayawada
"Narayana E-Techno School, Vijayawada",,Vijayawada
"St.Johns Em School, Vijayawada",,Vijayawada
"The Don Bosco Public School, Vijayawada",,Vijayawada
"Muljibhai Mehta International School, Virar",,Virar
"Linga Global School, Virudhunagar",,Virudhunagar
"R J Mantra English School, Virudhunagar",,Virudhunagar
"Apoorva High School, Visakhapatnam",,Visakhapatnam
"D. A. V School, Visakhapatnam",,Visakhapatnam
"M.J.P.A.P.B.C.W.Rschoool, Visakhapatnam",,Visakhapatnam
"Narayana E-Techono School, Visakhapatnam",,Visakhapatnam
"Srishti World School, Visakhapatnam",,Visakhapatnam
"S.R.G.R.Eng. Med. School, Vita",,Vita
"PSR School, Vizianagaram",,Vizianagaram
"True Light School, Wada",,Wada
"St. Peter's Central School, Warangal",,Warangal
"Warangal Public School, Warangal",,Warangal
"Green Valley Public School, Waraseoni",,Waraseoni
"Ideal Academy School Waraseoni, Waraseoni ",,Waraseoni
"Saint Vidya Sagar Convent Hr. Sec. School, Waraseoni",,Waraseoni
"Gandhi City Public School, Wardha",,Wardha
"Divine Glory Public School, Yamuna Nagar",,Yamuna Nagar
"New Happy Public School, Yamuna Nagar",,Yamuna Nagar
"Sivananda Praveen Public School, Yamuna Nagar",,Yamuna Nagar
"Swami Vivekanand Public School, Yamuna Nagar",,Yamuna Nagar
"Free Methodist English Medium, Yavatmal",,Yavatmal
"School Of Scholars, Yavatmal",,Yavatmal
"Yavatmal Public School, Yavatmal",,Yavatmal
"Don Bosco High School, Yerrupalem",,Yerrupalem
"Dikshant International School, Zirakpur",,Zirakpur
"Hans Raj Public School, Zirakpur",,Zirakpur
"Satluj Public School, Zirakpur",,Zirakpur
"Mount Litera Zee School Goa, Zuarinagar",,Zuarinagar