school_name,city,country
Mastermind School,Dhaka,Bangladesh
Science Tutorial Public School,Dhaka,Bangladesh
Sunnydale School,Dhaka,Bangladesh
Anna-Lindh-Schule,Berlin,Germany
Spohn Gymnasium,Ravensburg,Germany
Bhartiya Vidya Bhavan,Kuwait,Kuwait
Hampton Primary School,Quatre Bornes,Mauritius
Hampton School,Mauritius,Mauritius
Indian Al Seeb School,Muscat,Oman
Falcon School,Quezon City,Philippines
International Indian School,Jeddah,Saudi Arabia
Dimensions International School,Singapore,Singapore
Springdale Primary School,Singapore,Singapore
Chadwick International School,Incheon,South Korea
Vavuniya Rambhaikulam Girls Maha Vidyalayam,Vavuniya,Sri Lanka
Ambassador School,Sharjah,United Arab Emirates
Delhi Private School,Dubai,United Arab Emirates
Delhi Private School,Sharjah,United Arab Emirates
Gems Modern Academy,Dubai,United Arab Emirates
Gems New Millenium,Dubai,United Arab Emirates
Gems Ourown English Highschool,Dubai,United Arab Emirates
Indian High School,Dubai,United Arab Emirates
JSS International School,Dubai,United Arab Emirates
JSS International School,Jumeira,United Arab Emirates
Kings School Nad Al Sheba,Dubai,United Arab Emirates
Our Own English High School,Sharjah,United Arab Emirates
Our Own English School,Fujairah,United Arab Emirates
Sharjah Indian School,Dubai,United Arab Emirates
Springdales School,Dubai,United Arab Emirates
The Indian High School,Dubai,United Arab Emirates
The Millennium School,Dubai,United Arab Emirates
Kokanee Elementary School,Woodinvill,United States
Oak View Elementary,Franklin,United States
Woodridge Elementary School,Bellevue,United States
La Martiniere Girls College,Azamgarh,India
S M E M School,Balaghat,India
ZP High School,Bandarulanka,India
New St. Xavier High School,Chakai,India
Rao Man Singh Sr Sec Public School,Delhi,India
St. Xavier's School,Jaipur,India
Techno India Public School,Kolkata,India
Jeevana School,Madurai,India
Mahathma CBSE School,Madurai,India
St. Thomas Sr Sec School,Mandsaur,India
St. John's High School,Mohali,India
Ascend International School,Mumbai,India
St. John Universal School,Mumbai,India
St. Joseph Convent High School,Mumbai,India
Holy Angels Convent School,Muzaffarnagar,India
PSGVM School,Palgadh,India
S.N.D Public School,Palwal,India
Dr. DY Patil International School,Patna,India
St. Anslem School,Phulera,India
St. Peter's School,Purnea,India
St. Joseph Convent Higher Secondary School,Sambalpur,India
Nirmala Convent School,Siliguri,India
St. Mary's School,Tajpur,India
Smt. Sulochana Devi Singhania School,Thane,India
St. Paul Sr Sec School,Udaipur,India
ZMS Toddler's Academy,Warangal,India
Ananda Marga Primary School,Agartala,India
Auxilium Girls School,Agartala,India
Don Bosco School,Agartala,India
Holy Cross School,Agartala,India
Pranavananda Vidyamandir,Agartala,India
Ramakrishna Shishutirtha,Agartala,India
Christ The King Inter College,Agra,India
S.K.L.G.D. Public School,Agra,India
St Anthony's Jr College,Agra,India
St. Peters College,Agra,India
St.C.F. Andrews School,Agra,India
St.Pauls Church College,Agra,India
Anand Niketan Sughad,Ahmedabad,India
Army Public School,Ahmedabad,India
Asia English Medium School,Ahmedabad,India
C N English Medium,Ahmedabad,India
Cosmos Castle International School,Ahmedabad,India
Divine Child International School,Ahmedabad,India
J G International School,Ahmedabad,India
Karnavati Eng School,Ahmedabad,India
Niraman High School,Ahmedabad,India
Rajasthan Hindi High School,Ahmedabad,India
Red Bricks Ahmedabad,Ahmedabad,India
S.H Kharavala A G School,Ahmedabad,India
Shari Jc Shah Prkash High School,Ahmedabad,India
Sheth C N English Medium High School,Ahmedabad,India
St Xavier's High School,Ahmedabad,India
St. Mary's School,Ahmedabad,India
St. Paul Public School,Ahmedabad,India
The New Tulip International School,Ahmedabad,India
Zebar School For Children,Ahmedabad,India
Podar International School,Ahmednagar,India
Yashshree Academy,Ahmednagar,India
All Saints Sr. Sec. School,Ajmer,India
Rashtriya Military School,Ajmer,India
Sanskriti The School,Ajmer,India
St Mary Sr.Sec.School,Ajmer,India
Jubilee English High School,Akola,India
Shree Jageshwar English Primary School,Akola,India
St.Ann's English Medium School,Akola,India
Harihar Pur Bhajraha,Alamnagar,India
AMU City High School,Aligarh,India
Our Lady of Fatima High School,Aligarh,India
Wisdom Public School,Aligarh,India
Woodbine School,Aligarh,India
Kalakali Adarsha Shishu Vidyal,Alipurduar,India
Indian Digital School,Allagadda,India
Bilim Innovation High School,Almaty,India
Jyothi Nivas Public School,Aluva,India
Chinar Please School,Alwar,India
Step By Step Public School,Alwar,India
Sri Chaitanya International School,Amalapuram,India
Air Force School,Ambala,India
Conventof Jesus And Mary,Ambala,India
OPS Vidya Mandir,Ambala,India
S.A.Jain Senior Model School,Ambala City,India
Rajshree Rananjay Sinh Global School,Amethi,India
Manibai Gujarati English School,Amravati,India
Podar International School,Amravati,India
School Of Scholars,Amravati,India
Titans Public School,Amravati,India
Y.E.S. English School,Amravati,India
Vavadiya K. V. Vidhya Mandir Ansodar,Amreli,India
D.A.V International School,Amritsar,India
Excelsum High School,Amritsar,India
Pathseeker,Amritsar,India
Police Dav Public School,Amritsar,India
Spring Dale Senior School,Amritsar,India
St.Joseph School,Amritsar,India
Sri Krishna Em School,Anantapur,India
Saint Lawrence,Angul,India
Bal Bharti Public School,Anuppur,India
Asansol North Point School,Asansol,India
Burnpur Riverside School,Asansol,India
Dav Public School,Asansol,India
Ramakrishna Mission High School,Asansol,India
AECS,Aswapuram,India
Atomic Energy Central School,Aswapuram,India
Shanti Dham Sr. Sec. School,Atarra,India
Cambridge School,Aurangabad,India
Chatrapati Shahu Maharaj English School,Aurangabad,India
Lord Budha Public School,Aurangabad,India
Maharashtra Public School,Aurangabad,India
Podar International Cbse School,Aurangabad,India
Vatsalya Vihar Public School,Aurangabad,India
Wockhardt Global School,Aurangabad,India
Woodridge High School,Aurangabad,India
Gd Memorial Yonkers English School Lalganj,Azamgarh,India
St.Xavier's High School,Azamgarh,India
Saraswati Vidhya Mandir,Bagaha,India
Indraprastha Public School,Baghpat,India
St.Thomas School,Bahadurgarh,India
Buddha Public School,Bahraich,India
Pandit Sachhidanand Inter Coll,Bahraich,India
Ideal Acadmey Waraseoni,Balaghat,India
Modern Public School,Balasore,India
Holy Cross School,Ballia,India
Incredible Public School,Ballia,India
Naga Ji Saraswati Vidya Mandir,Ballia,India
Unique Convent School,Ballia,India
Dunlop English Medium School,Bandel,India
AECS Magnolia,Bangalore,India
Baldwin Boys High School,Bangalore,India
Bethany High School,Bangalore,India
BGS National Public School,Bangalore,India
Bishop Cotton Boys School,Bangalore,India
Bishop Cotton Girls School,Bangalore,India
Carmel High School,Bangalore,India
Christ Academy,Bangalore,India
Chrysalis High,Bangalore,India
Clarence Public School,Bangalore,India
CMRNPS School,Bangalore,India
Deens Academy,Bangalore,India
Delhi Public School,Bangalore,India
Euro School,Bangalore,India
Freedom International School,Bangalore,India
Geetanjali Olympiad School,Bangalore,India
Gnanabodhini High School,Bangalore,India
Greenwood High International,Bangalore,India
Greenwood Montessori School,Bangalore,India
Jyothy Kendriya Vidyalaya,Bangalore,India
Mitra Academy,Bangalore,India
National Centre For Excellence,Bangalore,India
Neev Academy,Bangalore,India
New Horizon Gurukul,Bangalore,India
NPS,Bangalore,India
Orchid The International School,Bangalore,India
Presidency School,Bangalore,India
Ryan International School,Bangalore,India
S. Cadambi Vidya Kendra,Bangalore,India
School Of India,Bangalore,India
Sparkling Mindz Global School,Bangalore,India
Sparrows Montessori School,Bangalore,India
Sri Chaitanya Techno School,Bangalore,India
Sri Kumarans Public School,Bangalore,India
St Xavier's School,Bangalore,India
St. Francis Icse,Bangalore,India
St.Marys Public School,Bangalore,India
St.Paul's English School,Bangalore,India
Swargarani School And P U Collage,Bangalore,India
Tattva School,Bangalore,India
TCIS,Bangalore,India
The Brigade School,Bangalore,India
The Cambridge International School,Bangalore,India
The Oxford English School,Bangalore,India
The Regency Public School,Bangalore,India
The Samhita Academy,Bangalore,India
Venkat International Public School,Bangalore,India
Venus International School,Bangalore,India
Vidyanjali Academy For Learning,Bangalore,India
Whitefield Global School,Bangalore,India
Woodridge,Bangalore,India
Infant Jesus School,Bangarapet,India
Bankura Zilla School,Bankura,India
Shamayita Convent,Bankura,India
Sibdas Central Girls High School,Bankura,India
Central Academy Senior Secondary School,Barabanki,India
Classic Public High School,Baramulla,India
Auxilium Convent School,Barasat,India
Burdwan Town School,Bardhaman,India
Galsi High School,Bardhaman,India
Holy Child School,Bardhaman,India
Monteswar Ramkrishna Sarada Siksha,Bardhaman,India
Narayana School,Bardhaman,India
St Xavier's School,Bardhaman,India
St. Joseph's English Medium,Bardhaman,India
Delhi Public School Bareilly,Bareilly,India
GRM School,Bareilly,India
Hartmann College,Bareilly,India
Sacred Heart Senior Secondary Public School,Bareilly,India
St. Francis Convent School,Bareilly,India
Paradise Kids Academy,Barmer,India
Bholananda National Vidyalaya,Barrackpore,India
Gems Cambridge School,Batala,India
Army Public School Bhatinda,Bhatinda,India
At.Xaviers High School,Bathinda,India
Gems Public School,Bathinda,India
St Joseph Convent School,Bathinda,India
Kerala Public School Jatrawas,Bawal,India
G.S.S.S Bawani Khera,Bawani Khera,India
St. ANNS School,Beed,India
ARK International School,Begusarai,India
Blossom International Public School,Begusarai,India
St.Paul's School,Begusarai,India
Sunflower School,Begusarai,India
Don Bosco School,Berhampore,India
Merry Immaculate School,Berhampore,India
Assembly Of God Church School,Bettiah,India
Isma Public School Chanpatia,Bettiah,India
Sunbeam Blossom School,Bhabua,India
Shanti Niketan Public School,Bhadra,India
Sri Satya Sai Vidya Vihar,Bhadrak,India
Shri Sai Convent School,Bhadravati,India
New Horizon School,Bhagalpur,India
Shri Guru Harikishan Sr.Sec.School,Bharatpur,India
St Peter's Sr Sec School Bharatpur,Bharatpur,India
JNV,Bharuch,India
Queen Of Angelsconvent H.S.School,Bharuch,India
Sri Satya Sai Vidya Mandir,Bhawanipatna,India
Delhi Public School,Bhilai,India
Rungta Public School,Bhilai,India
Greenvalley Public School,Bhilwara,India
Sanskar Valley Public School,Bhind,India
B.S.V.Pilani,Bhiwani,India
Lord Parshu Ram High School,Bhiwani,India
Jawahar Lal Neharu School,Bhopal,India
Buxi Jagabandhu English Medium School,Bhubaneswar,India
Loyola School,Bhubaneswar,India
Sai International School,Bhubaneswar,India
St Joseph's Higher Secondary School,Bhubaneswar,India
Stewart School,Bhubaneswar,India
Vikash Residential School,Bhubaneswar,India
Shri Shantadurgashantadurga High School,Bicholim,India
Gnyana Sudha Vidyalaya,Bidar,India
Sri Aurobindo Institute Of Education,Bidhannagar,India
St Joseph Academy,Bihar sharif,India
Jawahar Navodya Vidhalya,Bijnor,India
St. Marys School,Bijnor,India
Bikaner Boys School,Bikaner,India
Seth Tolaram Bafna Academy,Bikaner,India
Bal Bharati Public School,Bilaspur,India
Brilliant Public School,Bilaspur,India
Kendriya Vidyalaya,Bilaspur,India
Krishna Public School,Bilaspur,India
Minerva Sr Sec School,Bilaspur,India
St.Xavier High School,Bilaspur,India
Dav Borl Public School,Bina,India
St. Xavier's Public School,Binka,India
Carmel Convent School Bishrampur,Bishrampur,India
Chinmaya Vidyalaya,Boisar,India
Bokaro Public School,Bokaro,India
Chinmaya Vidyalaya,Bokaro Steel City,India
St Paul's Modern School Bokaro Thermal,Bokaro Steel City,India
Delhi Public School,Bongaigon,India
Depaul School,Brahmapur,India
SSVM Nknagar Ganjam,Brahmapur,India
St.Vincent's Convent School,Brahmapur,India
Tithonus International School,Budaun,India
AECS Narora,Bulandshahr,India
Atomic Energy Central School,Narora,India
Delhi City School,Bulandshahr,India
Saint Momina School,Bulandshahr,India
Shree Shivaji Vidyamandir,Chakan,India
Abhinav School Chalisgaon,Chalisgaon,India
St.Joseph Convent School,Chalisgaon,India
Bhavan Vidyalaya,Chandigarh,India
Delhi Public School,Chandigarh,India
Mount Carmel School,Chandigarh,India
NBN Smart School,Chandigarh,India
Sacred Heart Sr Sec School,Chandigarh,India
Saint John High School,Chandigarh,India
St Johns High School,Chandigarh,India
St. Joseph Presidium School,Chandigarh,India
St.Stephen's School,Chandigarh,India
Bharat Vidyalaya Nawargaon,Chandrapur,India
Children Delight School,Chapra,India
Arya Sr. Sec. School,Charkhi Dadri,India
Carmel Convent School,Chatrapur,India
Alwin Memorial Public School,Chennai,India
Apex Pon Vidyashram,Chennai,India
Arulmigu Meenakshi Amman Public,Chennai,India
Besant Arundale Senior Seconda,Chennai,India
Bhavans Rajajai Vidhyasharam,Chennai,India
BVM Global School,Chennai,India
Chennai Public School,Chennai,India
Chettinad Harishree Vidhyalam,Chennai,India
D.A.V. Public School,Chennai,India
Dav Boys Senior Sec School,Chennai,India
Ebenezer Marcus International School,Chennai,India
Ebinezar Marcus Junior College,Chennai,India
GKM Vidhyashram,Chennai,India
Harishree Vidyalayam,Chennai,India
Hindustan International School,Chennai,India
Jawahar Vidyalaya Senior Secondary School,Chennai,India
Lalaji Omega International School,Chennai,India
Maharishi Vidya Mandir,Chennai,India
Mahindra World School,Chennai,India
Narayana Olympiad School,Chennai,India
Our Lady's Mat.Hr.Sec.School,Chennai,India
Primrose School,Chennai,India
Ramana Vidyalaya,Chennai,India
Ravindra Bharathi Global Schoo,Chennai,India
SBOA School & Junior College,Chennai,India
Sgerwood Hall Senior Secondary,Chennai,India
Shree Niketan Patasala,Chennai,India
Sri Chaitanya Techno School,Chennai,India
Stockholm International School,Chennai,India
The Hindu Senior Secondary School,Chennai,India
The Pupil - Eco Saveethaschool,Chennai,India
The Schram Academy,Chennai,India
Thevedanta Academy,Chennai,India
VELS Vidyashram International Pallavaram,Chennai,India
Vidya Mandir Senior Secondary School,Chennai,India
Yakut Madhya Vidyalaya,Chewara,India
Christian English College,Chhatarpur,India
Royal Kids Convent Chhuriya,Chhattisgarh,India
The Chikhali Urban Vidyaniketan,Chikhali,India
St Frances Of Assisi School Chikodi,Chikodi,India
Podar International School,Chinchwad,India
St. Joseph's Convent,Chandannagar,India
St. Joseph's Convent Higher Secondary School,Chittaranjan,India
PES Public School,Chittoor,India
Rishi Valley School,Chittoor,India
The Peepal Grove School,Chittoor,India
Dr.Dasarathan International School,Coimbatore,India
G.D Matriculation School,Coimbatore,India
Manchester International Schoo,Coimbatore,India
Suguna Pip School,Coimbatore,India
Aurobind Pathvaban,Cooch Behar,India
Netaji Centenary School,Cooch Behar,India
St. Joseph's Academy,Cooch Behar,India
St. Mary's High School,Cooch Behar,India
Dr. Dev Mohanty Public School,Cuttack,India
Lrdav Public School,Cuttack,India
Narayana School,Cuttack,India
S.C.B. Medical Public School,Cuttack,India
Cambridge School,Dabra,India
St.Mary's School,Dahod,India
Indian International School,Dammam,India
Shri Guru Nanak Hr. Sec. School,Damoh,India
D.A.V Public School,Darbhanga,India
Delhi Public School,Darbhanga,India
Jesus And Mary Academy,Darbhanga,India
Madonna English School,Darbhanga,India
PC High School,Darbhanga,India
Sunshine Play School,Debai,India
Podar Learn School Degloor,Degloor,India
Ann Mary School,Dehradun,India
Dehradun World School,Dehradun,India
Doon International School,Dehradun,India
Hilton's School,Dehradun,India
St. Joseph's Academy,Dehradun,India
The Oasis,Dehradun,India
M.S.Gopibigha,Dehri,India
Our Own High School Warqa,Deira,India
Aadharshila Vidyapeeth,Delhi,India
Adarsh Public School,Delhi,India
AGDAV Public School,Delhi,India
Ahlcon Public School,Delhi,India
Akash Model Senior Secondary School,Delhi,India
Amity International School,Delhi,India
ASN Sr Sec School,Delhi,India
Bal Bharti Public School,Delhi,India
Bal Niketan Public School,Delhi,India
BGS International Public School,Delhi,India
Bhatnagar International School,Delhi,India
Bosco Public School,Delhi,India
C.R.Saini Public Sr.Sec.School,Delhi,India
Cambridge Primary School,Delhi,India
Chinmaya Vidyalaya,Delhi,India
D.A.V Public School,Delhi,India
D.P.S Mathura Road,Delhi,India
Delhi Police Public School,Delhi,India
Faith Academy School,Delhi,India
Flora Dale School,Delhi,India
Gd Goenka Public School,Delhi,India
Genesis Global School,Delhi,India
Government Sarvodya Bal Vidyal,Delhi,India
Green Fields School,Delhi,India
Green Valley International Public School,Najafgarh,India
Green View Public School,Delhi,India
Greenway Modern School,Delhi,India
Gyan Bharati,Delhi,India
Hansraj Smarak School Dilshad,Delhi,India
Indraprastha International School,Delhi,India
J.K Public School,Delhi,India
K.R.Mangalam World School,Delhi,India
Kendriya Vidhalaya,Delhi,India
Lancer's Convent,Delhi,India
Lions Public School,Delhi,India
Loreto Convent,Delhi,India
Lotus Valley International School,Delhi,India
Mata Shiv Devi Public School,Delhi,India
Modern School,Delhi,India
Mother's International School,Delhi,India
Mount Abu School,Delhi,India
New Green Field School,Delhi,India
NK Bagrodia Public School,Delhi,India
Prabhu Dayal Public School,Delhi,India
Pragati Public School,Delhi,India
Presentation Convent Senior Secondary School,Delhi,India
Ramjas School,Delhi,India
Ravindra Memorial Public School,Delhi,India
Richmondd Global School,Delhi,India
Rosary Senior Secondary School,Delhi,India
Ryan International School,Delhi,India
Sachdeva Public School,Delhi,India
SAM International School,Delhi,India
Sant Nirankari Public School,Delhi,India
Saraswati Bal Mandir,Delhi,India
Sardar Patel School,Delhi,India
Sarvodya Bal Vidhalaya,Delhi,India
Shared Rajpal Dav Public Schoo,Delhi,India
Shreeram World School,Delhi,India
Shri Tula Ram Public School,Delhi,India
Siddharth International Public School,Delhi,India
SMS Janakpuri,Delhi,India
Soami Nagar Model School,Delhi,India
Srijan Public School,Delhi,India
St Marks Sr Sec Public School,Delhi,India
St Paul School,Delhi,India
St. Anthony's Sr. Sec School,Delhi,India
St. BS Public School,Delhi,India
St. Columba's School,Delhi,India
St. Mary Sr. Sec. School,Delhi,India
St. Michael Junior School,Delhi,India
St. Michael Senior Secondary School,Delhi,India
St. Paul's School,Delhi,India
St. Thomas School,Delhi,India
St.Joseph,Delhi,India
St.Marks Se Sec Public School,Delhi,India
Tagore International School Eok,Delhi,India
The Shri Ram School Vasant Vihar,Delhi,India
The Srijan School,Delhi,India
Tyagi Public School,Delhi,India
V. S. P. K International School,Delhi,India
Vasant Valley School,Delhi,India
Vedic Sanskrit Agriculture Senior Secondary School,Delhi,India
Venkteshwar International School,Delhi,India
Vishal Bharti Public School,Delhi,India
VSPK International School,Delhi,India
St. Francis School Deoghar,Deoghar,India
St.Xavier's High School,Deoghar,India
Carmel English School,Devanhalli,India
St.Mary's Convent S.S School,Dewas,India
Balika Vidya Mandir,Dhanbad,India
K.K Polytechnic,Dhanbad,India
Rosemary Land School,Dhanbad,India
R P S Public School,Dharuhera,India
Chavara Public School,Dhule,India
K.S.K.New City High School,Dhule,India
Play House School,Digboi,India
Netaji Centenary School,Dinhata,India
St Marys School,Dinhata,India
Holy Child English School Hawaipur,Diphu,India
Nilbagan Jatio Vidyalaya,Doboka,India
Pranbhakar Desai International School,Dom,India
The South Indian Association,Dombivli,India
Divine Mercy School,Domjur,India
Hasti Public School,Dondaicha,India
Flower Kids Senior Secondary School,Dungarpur,India
Ideal International School,Durg,India
Carmel Convent High School,Durgapur,India
Delhi Public School,Durgapur,India
Hemsheela Model School,Durgapur,India
Narayana Schools,Durgapur,India
St. Xavier's School,Durgapur,India
Kumaon Public School,Dwarahat,India
Rajagiri Christujayanti Public School,Kochi,India
St Antony's Public School,Ernakulam,India
The Unique Academy,Erode,India
Assisi Convent School,Etah,India
Mount Litera Zee School,Etah,India
Aggarwal Public School,Faridabad,India
Apeejay Svran Global School,Faridabad,India
Aravali International School,Faridabad,India
Ashok Memorial Public School,Faridabad,India
Dav Public School,Faridabad,India
Dynasty International School,Faridabad,India
Faridabad Model School,Faridabad,India
Holy Child Public School,Faridabad,India
Manav Rachna International School,Faridabad,India
Modern Delhi Public School,Faridabad,India
Northland International School,Faridabad,India
Panch Sheel Public School,Faridabad,India
Vishal Bharti Vidya Mandir,Faridabad,India
Mount Litera Zee School,Farrukhabad,India
S.B.P D.A.V Centenary Public School,Fatehabad,India
SBP Dav Centenary Public Schoo,Fatehabad,India
St.Xavier High School,Fatehpur,India
Christ The King Inter College,Firozabad,India
Satya Lakshya Euroworld School,Ganganagar,India
St. Claret School,Gangarampur,India
Akshara Public School,Gangavathi,India
Army Public School,Gaya,India
Modern English School,Gaya,India
Air Force School Hindan,Ghaziabad,India
Amity International School,Ghaziabad,India
Apeejay,Ghaziabad,India
Arwachin International School,Ghaziabad,India
Bharam Ram Global School,Ghaziabad,India
Delhi Public School,Ghaziabad,India
DLF Plublic School,Ghaziabad,India
DPSG International,Ghaziabad,India
DPSGV,Ghaziabad,India
Fr. Agnel School Noida,Ghaziabad,India
KDB Public School,Ghaziabad,India
Khaitan Public School,Ghaziabad,India
Presidium,Ghaziabad,India
Ryan International School,Ghaziabad,India
Seth Anandram Jaipuria,Ghaziabad,India
Springvalley Public School,Ghaziabad,India
St. Francis School,Ghaziabad,India
St. Pauls Academy,Ghaziabad,India
A.V Senior Secondary School,Ghumarwin,India
Make India School,Giridih,India
Saluja Gold International,Giridih,India
Fr Agnel Central School,Goa,India
Sunshine World Wide School,Goa,India
Goalpara English School,Goalpara,India
Mother Marry School,Goalpara,India
Sacred Heart School,Golaghat,India
Jawahar Navodaya Vidyalaya,Gondia,India
G. N. National Public School,Gorakhpur,India
Little Flower School,Gorakhpur,India
St Judes School,Gorakhpur,India
St. Joseph School,Gorakhpur,India
St. Joseph Convent School,Goraya,India
Viswabharathi Schol,Gudivada,India
Sri Venkateswara Bala Kuteer,Guntur,India
H.R.A International School,Gurdaspur,India
Amity International School,Gurugram,India
C.C.S.Sr.Sec.School,Gurugram,India
D A V Public School,Gurugram,India
G.A.V. Public School,Gurugram,India
Gd Goenka Public School,Gurugram,India
K.R Mangalam World School,Gurugram,India
Kunskappskolan International,Gurugram,India
Lotus Valley International School,Gurugram,India
Manav Rachna International,Gurugram,India
Mount Carmel School,Gurugram,India
Mount Olympus,Gurugram,India
Pathways World School,Gurugram,India
RPS International School,Gurugram,India
Salwan Public School,Gurugram,India
Scholars Home,Gurugram,India
Scottish High International,Gurugram,India
Shalom Hills International,Gurugram,India
Shiv Nadar School,Gurugram,India
Sidheshwar Public School,Gurugram,India
Social Influencer,Gurugram,India
The Heritage School,Gurugram,India
The Maurya School,Gurugram,India
The Shri Ram School Aravali,Gurgoan,India
Delhi Public School,Guwahati,India
Don Bosco,Guwahati,India
Maria's Public School,Guwahati,India
Pragjyotish Sr. Secondary School,Guwahati,India
Sanskriti The Gurukul,Guwahati,India
South Point School,Guwahati,India
St. Francis De Sales Higher Secondary School,Guwahati,India
St. Mary's H.S. School,Guwahati,India
St.Claret School,Guwahati,India
St.Joseph's Public School,Guwahati,India
Little Angles High School,Gwalior,India
No.1 Air Force School Gwalior,Gwalior,India
St Paul's School,Hajipur,India
Assembly Of God Church School,Haldia,India
Dav Public School,Haldia,India
The Assembly Of God Church School,Haldia,India
Aryaman Vikram Birla Institute Of Learning,Haldwani,India
Naini Vally Ser Sec School,Haldwani,India
Devine International School,Hamirpur,India
Him Academy Public School,Hamirpur,India
Little Flower Convent School,Hanumangarh,India
S.G.S.D.A.V. Centenary Public,Hanumangarh,India
St.Xavier's Sr Secondary School,Hapur,India
St. Mary Sr. Sec.School Jwalapur,Haridwar,India
The Wisdom Global School,Haridwar,India
Haroa F.P. School,Haroa,India
Kendriya Vidyalaya Hassan,Hassan,India
United Academy,Hassan,India
BLS International School,Hathras,India
Delhi Public School,Hazaribag,India
DVDBS Chinmaya Vidyalaya,Hindupur,India
O. P. Jindal Modern School,Hisar,India
St. Francis Xavier School,Hisar,India
The Aryan School,Hisar,India
Jeevan Jyoti Public School,Hisua,India
Sandepani International Residentialschool,Holalkere,India
H M Education Centre,Hooghly,India
Surabhi Vidyaniketan,Hosapete,India
Citizens High School,Hoskote,India
Asian Christian High School,Hosur,India
Chaitanya Techno School,Hosur,India
Baranagore Ramakrishna Mission Ashrama High School,Howrah,India
Lotus Day School,Howrah,India
Methodist School Dankuni,Howrah,India
Sasati Nahala Kathaldaha Abinash High School,Howrah,India
Parivathan Gurukul School,Hubli,India
Academic Heights Public School,Hyderabad,India
Akshra International School,Hyderabad,India
Bharatiya Vidya Bhavans Public School,Hyderabad,India
Bhashyam Brooks,Hyderabad,India
Bhavans Sri Rama Krishna Vidya,Hyderabad,India
Brigade Public School,Hyderabad,India
CMR International School,Hyderabad,India
Dav Public School,Hyderabad,India
Delhi Public School,Hyderabad,India
Future Kids School,Hyderabad,India
Gaudium International School,Hyderabad,India
Genesis International School,Hyderabad,India
Glendale Academy,Hyderabad,India
Hindu Techno School,Hyderabad,India
Indian High School,Hyderabad,India
Indus Universal School,Hyderabad,India
Little Flower High School,Hyderabad,India
Little Scholar School,Hyderabad,India
Manthan International School,Hyderabad,India
Meridian School,Hyderabad,India
Meru International School,Hyderabad,India
Narayana Iit Olympiad,Hyderabad,India
Niraj Public School,Hyderabad,India
Oakridge International,Hyderabad,India
Oasis School,Hyderabad,India
Pallavi Model School,Hyderabad,India
Phoenix Green School,Hyderabad,India
Pobul Reddy Public School,Hyderabad,India
Ramadevi Public School,Hyderabad,India
Ravindra Bharathi School,Hyderabad,India
Sancta Maria International,Hyderabad,India
Sanskriti School,Hyderabad,India
Satkama High School,Hyderabad,India
Scholar's International School,Hyderabad,India
Shantiniketan International School,Hyderabad,India
Shloka - A Birla School,Hyderabad,India
Sri Aurobindo International School,Hyderabad,India
Sri Chaitanya Techno School,Hyderabad,India
St. Theresa High School,Hyderabad,India
St.Joseph's High School,Hyderabad,India
Tatva Global School,Hyderabad,India
The Shri Ram Universal School,Hyderabad,India
Unique High School,Hyderabad,India
Choithram School,Indore,India
Ideal International School,Indore,India
Indore Public School,Indore,India
Medicaps Inter National School,Indore,India
Shiva Academy School,Indore,India
Shri Krishna Public School,Indore,India
St. Norbert Senior Secondary School,Indore,India
St. Rapheals School,Indore,India
St Mary's Co-Ed Sr Sec School,Itarsi,India
Little World School,Jabalpur,India
M.G.M.Higher.Secondary.School,Jabalpur,India
Sanskar Bharti Public School,Jabalpur,India
Small Wonders S S School,Jabalpur,India
St. Aloysius Senior Secondary,Jabalpur,India
Sacred Heart Convent Sr Sec School,Jagadhri,India
Swami Vivekanand Public School,Jagadhri,India
SFS High School,Jagityal,India
Bharatiya Vidya Bhavan Vidyash,Jaipur,India
Defence Public School,Jaipur,India
Delhi Public School,Jaipur,India
Diamonds's Academy Shiksha,Jaipur,India
Jaipuria Vidalaya,Jaipur,India
Maharaja Sawai Bhawani Singh School,Jaipur,India
Mahaveer Public School,Jaipur,India
Modern School Jaipur,Jaipur,India
MPS International School,Jaipur,India
MSBSS,Jaipur,India
N. K. Public School Sanganer,Jaipur,India
Navjyoti Public School,Jaipur,India
Neerja Modi School,Jaipur,India
Ryan International School,Jaipur,India
S.L.V Sr. Secondary School,Jaipur,India
Sarvodaya Childrens Academy,Jaipur,India
SCA Sec School Manoharpur,Jaipur,India
Shri Sanskar Public School Baasi,Jaipur,India
Step By Step English School,Jaipur,India
Subodh Public School,Jaipur,India
Teoler High School,Jaipur,India
The Rajasthan International School,Jaipur,India
Ambuja Public School Randiya Was Pali,Jaitaran,India
Gurukul Kalinga High School,Jajpur,India
Radiant Central Children Academy,Jalalpur,India
Apeejay School,Jalandhar,India
St Solidier Divine Public School,Jalandhar,India
Kashinath Palod Public School,Jalgaon,India
Podar International Schools,Jalgaon,India
Urdu Primary School,Jalna,India
Techno India Group Public School,Jalpaiguri,India
Jawahar Navoday Vidiyalaya,Jamalpur,India
Delhi Public School,Jammu,India
Gd Goenka Public School,Jammu,India
Gyan Public School Kalakote,Jammu,India
Jk Public School,Jammu,India
K.C Public School,Jammu,India
Shri L. G. Haria School,Jamnagar,India
Shri Satya Sai Vidyalay,Jamnagar,India
New English School,Jamner,India
Carmel Junior College,Jamshedpur,India
D B M S English School,Jamshedpur,India
Sacred Heart Convent,Jamshedpur,India
Vidya Bharati Chinmaya Vidyalaya,Jamshedpur,India
Lakshmini Devi Memorial Udayan Public School,Japla,India
Dr.Rizvi Learners Academy,Jaunpur,India
Bal Vidya Niketan,Jehanabad,India
Cambridge International School,Jhajjar,India
St Francis De Sales Are Sec School,Jhajjar,India
Balaji Public School,Jhansi,India
Jai Academy,Jhansi,India
RNS World School,Jhansi,India
S K A D Inter Collage,Jhansi,India
West End High School,Jhargram,India
D A V Public School,Jharsuguda,India
The Blue Bells E.M School,Jharsuguda,India
Indus Public School,Jind,India
Central Academy School Army Cantt,Jodhpur,India
St.Anne's School,Jodhpur,India
Fransalian High School,Jonai,India
Eklavya Global Public School,Junagadh,India
Narayana.E.M.School,kadapa,India
Sainik School Imphal,Kakching,India
Aditya Public School,Kakinada,India
Saranya Concept School,Kakinada,India
Little Flower English Medium School,Kalikavu,India
Springdale Academy,Kalimpong,India
St. Joseph's Convent,Kalimpong,India
Holy Cross Convent School,Kalyan,India
Vani Vidyashala High School,Kalyan,India
Velammal Global School Polacheri,Kanchipuram,India
St. Drona Public School,Kandhla,India
GAV Public School Kangra,Kangra,India
Gama International School,Kannur,India
A.K. Academy,Kanpur,India
Allenhouse Public School,Kanpur,India
DPS Kalyanpur,Kanpur,India
Dr.Virendra Swarup Education Centre,Kanpur,India
Prithviraj Chauhan Education Centre,Kanpur,India
Puranchandra Vidhaya Niketan,Kanpur,India
Sheiling House School,Kanpur,India
St. Joseph's Sr. Sec. School,Kanpur,India
St. Mary's Convent High School,Kanpur,India
U.P Kirana Seva Samiti Vidyala,Kanpur,India
Welfare Mission International,Kanpur,India
M.G.N Public School,Kapurthala,India
Jawahar Navodaya Vidyalaya,Karaikal,India
The Leader's Academy,Karaikudi,India
Paramita High School,Karimnagar,India
Parksh Public Shool,Karnal,India
Pratap Public School,Karnal,India
S.D Adarsh Public School,Karnal,India
St Kabir Public School,Karnal,India
Vijeta Public School,Karnal,India
St Micheal Convent School,Karwar,India
G H S S Kasaragod,Kasaragod,India
Katwa D.D.C. Girls H.S. School,Katwa,India
H.R.I.C.Khalilabad,Khalilabad,India
Vatsalya International School,Khambhat,India
Griffins International School,Kharagpur,India
Panskura Shri Ramkrishna Vivek,Kharagpur,India
Ramsheth Thakur Public School,Kharghar,India
Kalpana Chawla Vidyapeeth School,Kharkhoda,India
Inter National Public School,Khordha,India
Snehalata Public School,Kirnahar,India
Delhi Public School,Kishanganj,India
Chatrapati Shahu Vidyalaya,Kolhapur,India
Vimla Goyenka English Medium,Kolhapur,India
Adamas International School,Kolkata,India
Aditya Academy Senior Secondary,Kolkata,India
Akshar School,Kolkata,India
Apeejay School Saltlake,Kolkata,India
Apeejay School,Kolkata,India
APS,Kolkata,India
Ashok Hall Girls High School,Kolkata,India
Assembly Of God Church,Kolkata,India
Aulad Hussain Islamic Academy,Kolkata,India
B.D.M.International,Kolkata,India
Ballygunge Government High School,Kolkata,India
Barasat Kalikrishna Girls High School,Kolkata,India
Bharatiya Vidhya Bhavan,Kolkata,India
Bidhannagar Municipal School,Kolkata,India
Bidya Bharati School,Kolkata,India
Birla High School,Kolkata,India
Carmel School,Kolkata,India
D P S Newtown,Kolkata,India
DAV Public School,Kolkata,India
Don Bosco School,Kolkata,India
Easternpoint High School,Kolkata,India
Future Campus School,Kolkata,India
G.D Birla Centre For Eucatio,Kolkata,India
Garden High School,Kolkata,India
Gems Akademia International School,Kolkata,India
Grace Ling Liang English School,Kolkata,India
Hariyana Vidyamandir,Kolkata,India
Holy Child Boys National Schoo,Kolkata,India
Jewish Girls' School,Kolkata,India
La Martiniere For Boys,Kolkata,India
Loreto Convent Entally,Kolkata,India
Loreto Day School Boubazar,Kolkata,India
M.P.Birla Foundation Higher Secondary School,Kolkata,India
Mahadevi Birla Sishu Vihar,Kolkata,India
Mangalam Vidya Niketan,Kolkata,India
Modern English Academy,Kolkata,India
National High School,Kolkata,India
Our Lady Queen Of The Missions,Kolkata,India
Pathabhavan,Kolkata,India
Purbasukutia G.K. Balika Vidayala,Kolkata,India
Queen Of The Missions School,Kolkata,India
Ramkrishna Mission Boys' Home Junior High School,Kolkata,India
Salt Lake Shiksha Nikethan,Kolkata,India
Shri Shikshayatan School,Kolkata,India
South Point High School,Kolkata,India
South Point,Kolkata,India
St. Augustines Day School,Kolkata,India
St. James's School,Kolkata,India
St. Teresa's Secondary School,Kolkata,India
St.James' School,Kolkata,India
St.Stephen's School,Kolkata,India
Sudhir Memorial Institute,Kolkata,India
Sunflower Nursery & K.G. School,Kolkata,India
The Aryans School,Kolkata,India
The Assembly Of God Church School,Kolkata,India
The Calcutta Boy's School,Kolkata,India
The Foundation Senior Secondaryschool,Kolkata,India
The Heritage School,Kolkata,India
The Newtown School,Kolkata,India
The Vedanta Academy,Kolkata,India
Welland Gouldsmith School,Kolkata,India
Young Horizons School,Kolkata,India
Auxilium Isc School,Kollam,India
Navdeep Public School,Kollam,India
Methodist School,Konnagar,India
Sanjivani Academy,Kopargaon,India
Swamy Vivekananda English Medium School,Koppal,India
D.D.M Public School,Korba,India
BSN Academy,Kota,India
Lal Bahadur Shastri,Kota,India
St.Pauls Sr.Sec.School,Kota,India
A.E.C.S Manuguru,Kothagudem,India
Triveni Talent School,Kothagudem,India
Sri Sri Academy,Kottarakkara,India
Billabong High International School,Kottayam,India
Kendriya Vidhyalaya,Kottayam,India
St.Sebastian Public School,Kottayam,India
Bhavans Balamandir,Kozhikode,India
Nalanda International Public School,Krishnagiri,India
The Vijay Millennium Senior Secondary School,Krishnagiri,India
Maharishi Vidya Mandir,Kumbakonam,India
BGS Public School,Kunigal,India
Montessori Indus School,Kurnool,India
S D Girl School,Kurukshetra,India
Wisdom World School,Kurukshetra,India
St.Joseph's Convent School,Labpur,India
Kendriya Vidhyalaya,Lakhisarai,India
Central Public School,Lalganj,India
Vidhyavikas M. School,Latur,India
Bimla International Public School,Lucknow,India
City Montessori School,Lucknow,India
CMS Rajajipuram,Lucknow,India
La Martinier College,Lucknow,India
Loreto Convent,Lucknow,India
Rani Laxmi Bai School,Lucknow,India
Shivaji Junior High School,Lucknow,India
St Dominic Savio College,Lucknow,India
St Merry's Conventinter College,Lucknow,India
St.Francis School,Lucknow,India
Subhash Inter College,Lucknow,India
Vibgyor High School,Lucknow,India
Vidyatree Modern World College,Lucknow,India
B V M School,Ludhiana,India
Green Land Convent School,Ludhiana,India
Kundan Vidya Mandir,Ludhiana,India
Police Dav Public School,Ludhiana,India
Sacred Heart Convent School,Ludhiana,India
Satpaul Mittal School,Ludhiana,India
Nalanda Vidya Peeta,Maddur,India
Dhruva Tara School Umgaon,Madhubani,India
Mahatma CBSE Akkamma Building,Madurai,India
Vallaba Vidyalaya,Madurai,India
M.S.H.School,Maharajgan,India
Chaitanya Central School,Mahabubnagar,India
Kakatiya Group Of School,Mahabubnagar,India
Sabri Vidhya Vihar,Mahesana,India
JS Memorial Public School,Mainpuri,India
St.Anslam School Makrana,Makrana,India
Daffodils English Academy,Malda,India
Maharajnagar High Madrasah,Malda,India
North Point English Academy,Malda,India
Pipla High School,Malda,India
Ramakrishna Mission Vivekanand,Malda,India
Usha Martin School,Malda,India
Holy Angels School Malout,Malout,India
Indus Global School,Mandi,India
St. Alphonsa Convent School,Mandsaur,India
H.M.Y.H.S.S Manjeri,Manjeri,India
Manovikas English Medium School,Margao,India
Mount Hill Acadamy,Mathura,India
Shriji Baba Saraswati Vidhya Mandir,Mathura,India
Amrit Memorial Higher Secondar,Mau,India
Chandra Public School,Mau,India
Chirag Junior School,Meerut,India
Gargi Girls School,Meerut,India
KL International School,Meerut,India
Krishna Public School,Meerut,India
Meerut Public School For Girls,Meerut,India
Sarvodaya Public School Kharkhoda,Meerut,India
Sophia Girls School,Meerut,India
St.Marry's Academy,Meerut,India
Vidya Global School,Meerut,India
ACC DAV Public School,Mehgaon,India
Mission Girl's High School,Midnapore,India
Ramakrishna Mission Vidya Bhavan,Midnapore,India
Vidyasagar Shishu Niketan,Midnapore,India
S D P B E Centre Mirzapur,Mirzapur,India
Tulsi Ram Maheshwari Public School,Modinagar,India
DN Model School Moga,Moga,India
Mind Tree School,Mohali,India
Oakridge International School,Mohali,India
St. Stephens School,Mohali,India
Vivek High School,Mohali,India
K.C.M School,Moradabad,India
C S Dav Public School,Motihari,India
K.V.S Motihari,Motihari,India
M.S Memorial Public School,Motihari,India
Shantiniketan Jubilee School,Motihari,India
BVM Public School,Mughalsarai,India
Apeejay School,Mumbai,India
Arya Vidya Mandir,Mumbai,India
B.K. High School,Mumbai,India
Billabong International High School,Mumbai,India
Bombay Scottish School,Mumbai,India
C.N.M.S School,Mumbai,India
Cambridge School,Mumbai,India
Campion School,Mumbai,India
Cathedral Senior School,Mumbai,India
Chatrabhuj Narsee Memorial School,Mumbai,India
D Y Patilinternational School,Mumbai,India
D. Y. P. A. High School,Mumbai,India
D.G Khetan International School,Mumbai,India
Delhi Public School,Mumbai,India
Dhirubhai Ambani International,Mumbai,India
Divine Child High School,Mumbai,India
Ecole Mondiale,Mumbai,India
Father Agnel School,Mumbai,India
G S Shetty International School,Mumbai,India
Gold Crest High School,Mumbai,India
Gopal Sharma International School,Mumbai,India
Gopi Birla Memorial School,Mumbai,India
Hiranandani Foundation School,Mumbai,India
J B Vachha,Mumbai,India
Jamnabai Narsee International School,Mumbai,India
Kapol Vidyanidhi International,Mumbai,India
Lakshdham High School,Mumbai,India
Lilavatibai Podar High School,Mumbai,India
Lodha World School,Mumbai,India
Lokhandwala Foundation School,Mumbai,India
Nahar International School,Mumbai,India
Nalanda Public School,Mumbai,India
Narayana E Techno,Mumbai,India
Navy Children School,Mumbai,India
NES National Public School,Mumbai,India
Orchid The International School,Bombai,India
P.G. Garodia School (Icse),Mumbai,India
Pawar Public School,Mumbai,India
Podar International,Mumbai,India
RBK International Academy,Mumbai,India
Reliance Foundation School,Mumbai,India
Rustomjee Cambridge International School,Mumbai,India
S.L.Porwal E.M.H.School,Mumbai,India
SAS Billabong High School,Mumbai,India
Scholar High School,Mumbai,India
Shri S K I Jain High School,Mumbai,India
SSRVM,Mumbai,India
St Teresas Convent High School,Mumbai,India
St. Peter School,Mumbai,India
The Dadar Parsee Youth Assembly High School,Mumbai,India
The Universal School Ghatkopar,Mumbai,India
Tilak International Primary School,Mumbai,India
U. S Ostwal English Academy,Mumbai,India
Universal High Dahisar,Mumbai,India
VCW Arya Vidya Mandir,Mumbai,India
Vibgyor High,Mumbai,India
Vishwaajyot High School Kharghar,Mumbai,India
Crown Convent School,Muzaffarnagar,India
Manasarowar Pushkarni Vidyalay,Mysore,India
National Public School,Mysore,India
St.Josephs Central School,Mysore,India
Techno India Group Public School,Nabadwip,India
Corpus Christy School,Nagercoil,India
Kendriya Vidyalaya,Nagercoil,India
Trinity Central School,Nagercoil,India
Adarsh Sanskar Vidyalaya,Nagpur,India
Centre Point School,Nagpur,India
Dharampeth English Medium High,Nagpur,India
Priyadarshani Nagpur Public School,Nagpur,India
Saint Paul School,Nagpur,India
Sanskar Vidya Sagar,Nagpur,India
School Of Scholars,Nagpur,India
St. Vincent Pallotti School,Nagpur,India
Tbrans English Medium School,Nagpur,India
Wonderland High School,Nagpur,India
Lakes International School,Nainital,India
St. Marrys Najibabad,Najibabad,India
Rosemary Land School,Nalanda,India
BM Global Academy,Nalbari,India
Government Higher Secondary School,Namakkal,India
Green Park International,Namakkal,India
Chander Sain Convent Academy,Nanauta,India
D.A.V Centenary Public School,Nangloi,India
S.D.R Public Sr.Sec.School,Nangloi,India
RPS Public School,Narnaul,India
St. Joseph Senior Secondary School,Narsinghgarh,India
Doon Public School,Narwana,India
Army Public School,Nashik,India
New Era English Medium School,Nashik,India
Sacred Heart Convent High School,Nashik,India
Silver Oak Universal School,Nashik,India
St.Vincent Pallotti School,Nashik,India
Aster Global School,Navsari,India
Sgm Shiroiya English School,Navsari,India
Ratnam School,Nellore,India
Dnyaneshwar International School,Newasa,India
Amity International School,Noida,India
Apeejay School,Noida,India
Assisi Convent School,Noida,India
Aster Public School,Noida,India
Bal Bharati Public School,Noida,India
BGS Vijnatham School,Noida,India
Cambridge School,Noida,India
Gyanshree World School,Noida,India
JBM Global School,Noida,India
Manav Rachana International School,Noida,India
Nehru International Public School,Noida,India
Panchsheel Balak Inter College,Noida,India
PD Memorial School,Noida,India
Royal Pupil Academy,Noida,India
Sarvottam International School,Noida,India
Seismic School,Noida,India
Shriram Millennium School,Noida,India
Somerville School,Noida,India
The Millennium School,Noida,India
Vishwa Bharti Public School,Noida,India
St. Xavier's Collegiate School,Nonihat,India
Valley View School,North Lakhimpur,India
Sacred Heart Convent School,Obra,India
St.Joseph's Hr. Sec.School,Oinam,India
Chhatrapti Shivaji Hish School,Osmanabad,India
Zilha Parishad Primary School,Osmanabad,India
British Kinder And Primary School,Pala,India
St. Mary's G. H. S. S,Pala,India
Amrita Vidyalayam,Palakkad,India
St.John International School,Palghar,India
Dr. K. B. Hedgewar Priamary School,Panaji,India
Sharada Mandir,Panaji,India
Manav Mangal School Panchkula,Panchkula,India
Ryan International School,Panchkula,India
Saint John High School,Panchkula,India
St. John's High School,Panchkula,India
Arihant Public School,Pandharpur,India
Bal Vikas School,Panipat,India
Delhi Public School,Panipat,India
Dps,Panipat,India
Dr.MKK Arya Model School,Panipat,India
SD Vidya Mandir,Panipat,India
Vivekananda Institution,Panskura,India
JNV Hooghly,Parabagnan,India
Fatima Convent High School,Paratwada,India
Vision English School Selu,Parbhani,India
Caledonian International School,Pathankot,India
The Senior Scholars School,Pathankot,India
Cammridge Global School,Patiala,India
GEMS School,Patiala,India
Ryan International School,Patiala,India
St. Peters Academy,Patiala,India
Yadavindra Public School,Patiala,India
Christ Church Diocesan School,Patna,India
D. A. V Public School,Patna,India
Don Bosco Academy,Patna,India
Jesus And Mary Academy,Patna,India
Krishna Public School,Patna,India
Litera Valley School,Patna,India
New Era High School,Patna,India
Notre Dame Academy,Patna,India
Radiant International School,Patna,India
S.V.M.R.P School,Patna,India
Saint Karens Primary School,Patna,India
Shivam Convent,Patna,India
St Xavier's High School,Patna,India
St. Mary's Academy,Patna,India
St. Michael High School,Patna,India
A.D.Z.R Z.P High School,Payakaraopeta,India
Aditya School,Pithapuram,India
Keshav Vidhya Mandir,Pollachi,India
Aditya Vidhyashram Pondicherry,Pondicherry,India
Sri Chaitanya Techno School,Porumamilla,India
Airforce School,Prayagraj,India
Bal Bharti School,Prayagraj,India
BBS International School,Prayagraj,India
Boy's High School,Prayagraj,India
D L Public School Kanjasa,Prayagraj,India
Girls High School,Prayagraj,India
Maharshri Patajali Vidya Mandi,Prayagraj,India
MV Convent School And College,Prayagraj,India
Patanjali Rishikul,Prayagraj,India
Saint John's Academy,Prayagraj,India
SMC Ghoorpur,Prayagraj,India
St. Mary's Convent School,Prayagraj,India
St.Joseph College,Prayagraj,India
Tagore Public School,Prayagraj,India
Airforce School,Pune,India
Blue Ridge School,Pune,India
City International School,Pune,India
D.A.V Public School,Pune,India
Delhi Public School,Pune,India
Dr. Shamarao Kalmadi High School,Pune,India
Global Indian International School,Pune,India
Kothari International School,Pune,India
Lexicon International School Pune,Pune,India
Millennium National School,Pune,India
New English School And Jr College,Pune,India
Paranjape Vidya Mandir,Pune,India
PICT Model School,Pune,India
Podar International School,Pune,India
Preeti English Medium School,Pune,India
Prodigy Public School,Pune,India
R.M.D International School,Pune,India
Rasiklal M Dhariwal International School,Pune,India
Ryan Inernational School,Pune,India
Sadhana Vidhyalaya,Pune,India
Sevasadan English Medium School,Pune,India
SNBP International School,Pune,India
St Mary's School,Pune,India
St. Vincent Primary School,Pune,India
The Bishops School,Pune,India
The Good Samaritan School,Pune,India
Tree House High School,Pune,India
Vibgyor High School,Pune,India
Vidya Niketan School,Pune,India
Vidya Prathishthan Indapur English Medium School,Pune,India
Vidya Valley World School,Pune,India
Wisdom World School,Pune,India
Gopinath Dev Bidyapitha,Puri,India
Mother's Public School,Puri,India
Jet Kids International,Pusad,India
Wood Stock Public School Batala,Qadian,India
Dav Public School,Raebareli,India
Ramkrishna Mission Boys' Home,Rahara,India
Sadhvi Preetisudhaji Internati,Rahata,India
O.P Jindal School,Raigarh,India
Krishna Public School,Raipur,India
Mayoor School,Raipur,India
Monnet D.A.V. Public School,Raipur,India
NH Goel World School,Raipur,India
Rajkumar College,Raipur,India
Ryan International School,Raipur,India
Sandipani Vidya Mandir,Raipur,India
The Shapers,Raisingh Nagar,India
Sathya Vidyalaya Cbse,Rajapalayam,India
Krishna International School,Rajkot,India
Podar International School,Rajkot,India
Saint Mary's,Rajkot,India
SNK School,Rajkot,India
St Paul School,Rajkot,India
T.N.Rao School For Girls,Rajkot,India
St. Joseph's U. P. S Vellilappally,Ramapuram,India
Army Public School Ramgarh Cantt,Ramgarh,India
O. P. Jindal School,Ramgarh,India
Scholar's High,Ramgarh,India
Jawahar Vidya Mandir,Ranchi,India
Kairali School,Ranchi,India
St. Francis School,Ranchi,India
St. Xavier's School,Ranchi,India
SKS Public School,Raniganj,India
G M S F Public School,Ranikhet,India
Shemford Futuristic School,Rewa,India
Oxford International,Rewari,India
Rao Khem Chand School,Rewari,India
RPS International School,Rewari,India
Nirmal Ashram Deepmala Public School,Rishikesh,India
J.M Rathi English School,Roha,India
Aradhana Public School,Rohru,India
Schoolar Rosary Senior Sec School,Rohtak,India
St. Arnold's School,Rourkela,India
Delhi Public School,Rudrapur,India
R. A. N Public School,Rudrapur,India
New Look Central School,Sagwara,India
Dellmond International School,Saharanpur,India
Rainbow School,Saharanpur,India
Sophia Girls Senior Secondary School,Saharanpur,India
Buddha Public School,Saharsa,India
Shanti Mission Academy,Saharsa,India
Mount Litera Zee School,Sahibabad,India
Bhavans Sri Ramakrishna Vidhyalay,Sainikpuri,India
Emerald Valley Public School,Salem,India
Jairam Public School,Salem,India
K. R. P Matric Higher Secondary School,Salem,India
Maharishi Vidhya Mandhir,Salem,India
Sri Seshaas International Public School,Salem,India
Holy Mission High School,Samastipur,India
Tirhut Academy Samastipur,Samastipur,India
Podar International School,Sangli,India
General Gurnam Singh Public School,Sangrur,India
GGS Public School,Sangrur,India
La Foundation School,Sangrur,India
Little Flower Convent School,Sangrur,India
Oakridge International School,Sas Nagar,India
Pallavi Modal School,Secunderab,India
St.Theresa High School,Secunderabad,India
Ideal English Medium School,Shahada,India
Good Shepherd Convent Sr. Sec. School,Shahdol,India
The Doon School,Shahjahanpur,India
M G Convent,Shajapur,India
Saraswati Public School Shekhupura,Shamli,India
Mauli School Of Scholars,Shegaon,India
Islamia High School,Sheikhpura,India
ACME Public School,Sheohar,India
Gyandeep Senior Secondary Public School,Shikohabad,India
St Dominics Academy,Shikohabad,India
B K Bajoria School,Shillong,India
St Edmunds School,Shillong,India
Jesus Mission School,Sidhauli,India
Sanskar International School,Sikar,India
Don Bosco Siliguri,Siliguri,India
Good Shepherd School,Siliguri,India
Sacred Heart School,Siliguri,India
Jijamata Vidhyalay,Sindhkhed,India
The Sirsa School,Sirsa,India
V N Sr Sec School,Sirsa,India
Saraswati Vidya Mandir,Sitamarhi,India
Iqra Public School,Siwan,India
MRA Dav Public School,Solan,India
Indian Model School,Solapur,India
Sandeepany English Medium School,Somwarpet,India
D P S Sonepat Haryana,Sonipat,India
Little Angels School,Sonipat,India
Rishikul World Academy,Sonipat,India
Takshila Public School,Sonipat,India
The Vedic Era Progressive School,Sonipat,India
St. Joseph's Hr. Sec. School,Sopore,India
M.P.Model School,Srikakulam,India
Sarvani Vidyalayam,Srikakulam,India
KIE Hr Sec School Srinagar,Srinagar,India
M.E.I Pampore Pulwama Kashmir,Srinagar,India
Madina Public High School,Srinagar,India
Navakadal Girls Higher Secondary,Srinagar,India
SRM Welkin Hr Sec Sopore,Srinagar,India
Tyndale Biscoe School,Srinagar,India
Modern Sandeepani School,Sujanpur,India
B S I C Bhakhare Sultanpur,Sultanpur,India
Dalimss Sunbeam School,Sultanpur,India
Gurucharan Kaur Public School,Sultanpur,India
St. Theresa English School,Sundargarh,India
Golden Public School,Supaul,India
J.H.Ambani Saraswati Vidyamandir,Surat,India
Metas Of Seventh Day Adventist,Surat,India
Ryan International School,Surat,India
Sardar Vallabh Bhai Patel,Surat,India
St. Xavier's High School,Surat,India
Tiny Star Higher Secondary School,Surat,India
Sri Sai Vijetha High School,Tadipatri,India
Kongu Matric Hr Sec School,Tamilnadu,India
Santhome Public School,Thane,India
Saraswati Vidyalaya High School,Thane,India
Seven Square Academy,Thane,India
Shafi Burondkar Primary Urdu School,Thane,India
St. Xaviers Global Academy,Thane,India
Symbiosis Convent High School,Thane,India
Vasant Vihar High School,Thane,India
Bloosom Public School,Thanjavur,India
Sri Saicharan High School,Thippaluru,India
The Choice School,Thiruvalla,India
Bhavans Munshi Vidyashram,Thiruvamkulam,India
Chinmaya Vidyalaya Attukal,Thiruvananthapuram,India
Christ Nagar Central School,Thiruvananthapuram,India
Dr. Gr Public School,Thiruvananthapuram,India
Holy Angels' Isc School,Thiruvananthapuram,India
MGM Central Public School,Thiruvananthapuram,India
Sarvodaya Vidyalaya,Thiruvananthapuram,India
St. Thomas Residential School,Thiruvananthapuram,India
Stmarys School Pattom,Thiruvananthapuram,India
The School Of Good Shepherd,Thiruvananthapuram,India
Paramekkavu Vidya Mandir,Thrissur,India
Rosemary Public School,Tirunelveli,India
Edify School,Tirupati,India
Aurobindo International School,Trichy,India
Kamala Niketan Montessori School,Trichy,India
RSK Higher Secondary School,Trichy,India
Sri Vageesha Vidhyashram Schoo,Trichy,India
Sri Chaitanya Techno School,Tumakuru,India
Mahaveer Senior Secondry School,Udaipur,India
Rana Pratap English Medium School,Udaipur,India
St. Anthony's Senior Secondary School,Udaipur,India
Army Public School Udhampur,Udhampur,India
Little Rock Indian School,Udupi,India
Podar International School,Ulhaanagar,India
D.A.V Centenary Public School,Una,India
Alembic Vidhyalaya,Vadodara,India
Ambe Vidhyalaya,Vadodara,India
Baselious Public School Bajwa,Vadodara,India
Bhartiya Vidya Bhavan,Vadodara,India
Bright Day School,Vadodara,India
Delhi Public School,Vadodara,India
Gujarat Public School,Vadodara,India
Navrachana School,Vadodara,India
Saint Basil School,Vadodara,India
Tejas Vidyalaya,Vadodara,India
Vibgyor High,Vadodara,India
Saint Monica,Vaijapur,India
Smt Sandraben Shroff Gnyandham School,Vapi,India
St. Xavier's High School,Vapi,India
Central Hindu Boys School,Varanasi,India
Green Valley English School,Varanasi,India
Gyandeep Academy,Varanasi,India
Navneeta Kunwar Public School,Varanasi,India
St Johns School,Varanasi,India
St. John's School,Varanasi,India
St.Josheps Convent School,Varanasi,India
Sunbeam Indra Nagar Varanasi,Varanasi,India
Sunbeam School Mughalsarai,Varansi,India
Varanasi Public School,Varanasi,India
IDA Scudder School,Vellore,India
Vaels International School,Vettuvankeni,India
Vatsalya S.Sec School,Vidisha,India
Tungal School,Vijayapur,India
Atkinson Sr Sec School,Vijayawada,India
Narayana E-Techno School,Vijayawada,India
St.Johns Em School,Vijayawada,India
The Don Bosco Public School,Vijayawada,India
Muljibhai Mehta International School,Virar,India
Linga Global School,Virudhunagar,India
R J Mantra English School,Virudhunagar,India
Apoorva High School,Visakhapatnam,India
D. A. V School,Visakhapatnam,India
M.J.P.A.P.B.C.W.Rschoool,Visakhapatnam,India
Narayana E-Techono School,Visakhapatnam,India
Srishti World School,Visakhapatnam,India
S.R.G.R.Eng. Med. School,Vita,India
PSR School,Vizianagaram,India
True Light School,Wada,India
St. Peter's Central School,Warangal,India
Warangal Public School,Warangal,India
Green Valley Public School,Waraseoni,India
Ideal Academy School Waraseoni,Waraseoni,India
Saint Vidya Sagar Convent Hr. Sec. School,Waraseoni,India
Gandhi City Public School,Wardha,India
Divine Glory Public School,Yamuna Nagar,India
New Happy Public School,Yamuna Nagar,India
Sivananda Praveen Public School,Yamuna Nagar,India
Swami Vivekanand Public School,Yamuna Nagar,India
Free Methodist English Medium,Yavatmal,India
School Of Scholars,Yavatmal,India
Yavatmal Public School,Yavatmal,India
Don Bosco High School,Yerrupalem,India
Dikshant International School,Zirakpur,India
Hans Raj Public School,Zirakpur,India
Satluj Public School,Zirakpur,India
Mount Litera Zee School Goa,Zuarinagar,India